genero,qtd_clientes,valor_total,pct_clientes
Feminino,18060,25146992.28,58.95025460242852
Masculino,12520,17813361.02,40.866953910432166
Nao Informado,20,11754.16,0.06528267397832616
Outro,36,33849.62,0.11750881316098707
