total_clientes,qtd_high_spenders,threshold,pct_hs
17013,1702,3249.9520000000043,10.004114500675954
