faixa_etaria,qtd_clientes,valor_total,pct_clientes
16-24 (Gen Z),897,814872.25,5.272438723329219
25-39 (Millennials),5881,7323438.17,34.56768353611944
40-54 (Gen X),6928,11691473.94,40.72180097572445
55-69 (Boomers),2744,4650660.1,16.128842649738434
70+ (Silent),560,908878.75,3.2916005407629463
Nao Informado,3,990.08,0.01763357432551578
