faixa_etaria,qtd_clientes,valor_total,pct_clientes
16-24 (Gen Z),145,111740.65,5.068157986717931
25-39 (Millennials),1172,1062311.11,40.964697658161484
40-54 (Gen X),1221,1109064.55,42.67738552953513
55-69 (Boomers),285,298029.83,9.961551904928347
70+ (Silent),37,278405.81,1.2932541069556098
Nao Informado,1,859.96,0.034952813701502966
