genero,qtd_clientes,valor_total,pct_clientes
Feminino,1960,1739981.25,68.50751485494582
Masculino,899,1117612.34,31.422579517651172
Outro,2,2818.32,0.06990562740300593
