faixa_etaria,qtd_clientes,valor_total,pct_clientes
16-24 (Gen Z),2284,2855306.25,6.9619288566464474
25-39 (Millennials),13417,19953333.59,40.89675983783948
40-54 (Gen X),12736,21169807.22,38.82098332672905
55-69 (Boomers),3751,5626066.91,11.433535525954827
70+ (Silent),553,856743.4,1.6856158746608956
Nao Informado,66,65406.69,0.20117657816929313
