total_clientes,qtd_high_spenders,threshold,pct_hs
2104,211,3318.7250000000004,10.02851711026616
