total_clientes,qtd_high_spenders,threshold,pct_hs
2296,230,2426.9900000000002,10.017421602787456
