genero,qtd_hs,valor_total,ticket_medio,pct_hs
Feminino,364,1302700.93,3578.8487087912085,61.59052453468698
Masculino,227,811889.4400000001,3576.6054625550664,38.40947546531303
