faixa_etaria,qtd_hs,valor_total,ticket_medio,pct_hs
Boomers (1946-1964),46,146375.88,3182.084347826087,7.7834179357022
Gen X (1965-1980),189,704349.14,3726.7150264550264,31.979695431472084
Gen Z (1997-2012),80,276543.88,3456.7985,13.536379018612521
Millennials (1981-1996),273,978039.24,3582.5613186813184,46.192893401015226
Silent (antes 1946),3,9282.23,3094.0766666666664,0.5076142131979695
