faixa_etaria,Feminino,Masculino,Nao Informado,Outro
Boomers (1946-1964),1204.294263959391,1242.9376842105264,0.0,0.0
Gen X (1965-1980),1115.3081791626096,1263.224958677686,0.0,615.2
Gen Z (1997-2012),827.968993902439,1032.525673076923,33.89,790.6475
Millennials (1981-1996),926.6998778769375,1012.2576734693878,0.0,1108.1200000000001
Nao Informado,0.0,990.015,0.0,0.0
Silent (antes 1946),1891.31125,1207.0,0.0,0.0
