perfil_cliente,qtd_clientes,valor_total,ticket_medio,frequencia_media,pct_clientes,pct_valor
VIP,626,11792358.52,940.2746089928885,1.8562300319488818,39.08,87.5
Premium,282,992874.26,624.9392756074061,1.475177304964539,17.6,7.37
Potencial,299,506433.22,546.6161506609333,1.471571906354515,18.66,3.76
Pontual,395,185637.26,335.4571481615431,1.2075949367088608,24.66,1.38
