shopping_principal,qtd_clientes,valor_total,ticket_medio,vip_hist,vip_valor_hist,vip_ticket_hist,premium_hist,premium_valor_hist,premium_ticket_hist,potencial_hist,potencial_valor_hist,potencial_ticket_hist,pontual_hist,pontual_valor_hist,pontual_ticket_hist,vip_periodo,vip_valor_periodo,vip_ticket_periodo,premium_periodo,premium_valor_periodo,premium_ticket_periodo,potencial_periodo,potencial_valor_periodo,potencial_ticket_periodo,pontual_periodo,pontual_valor_periodo,pontual_ticket_periodo,high_spenders,pct_valor
Balneário Shopping,1026,927740.21,904.2302241715399,457,550008.57,1203.5198468271333,183,153165.48,836.9698360655739,180,137704.01,765.0222777777778,206,86862.15,421.66092233009704,82,329731.05,4021.1103658536585,189,265563.2,1405.0962962962963,295,209347.79,709.6535254237289,460,123098.17,267.60471739130435,113,62.8
Continente Shopping,247,208867.34,845.6167611336032,65,125415.62,1929.471076923077,34,22618.27,665.2432352941177,49,27487.3,560.965306122449,99,33346.15,336.829797979798,11,112665.38,10242.307272727274,15,19819.19,1321.2793333333332,46,30564.59,664.4476086956522,175,45818.18,261.8181714285714,12,14.14
Garten Shopping,119,172755.99,1451.7310084033613,37,124999.71,3378.370540540541,26,22620.89,870.0342307692307,30,18766.76,625.5586666666666,26,6368.63,244.9473076923077,10,119391.82,11939.182,18,25203.010000000002,1400.1672222222223,20,15742.92,787.146,71,12418.24,174.90478873239437,12,11.69
Neumarkt Shopping,120,119673.34,997.2778333333333,52,75539.12,1452.6753846153845,23,22563.45,981.0195652173913,22,14641.91,665.5413636363636,23,6928.86,301.2547826086956,13,66196.56999999999,5092.043846153845,16,23965.6,1497.85,22,16993.74,772.4427272727273,69,12517.43,181.41202898550725,18,8.1
Norte Shopping,42,29417.81,700.4240476190477,11,8648.59,786.2354545454546,5,7104.49,1420.898,10,7487.84,748.784,16,6176.89,386.055625,5,14301.04,2860.208,2,2433.9,1216.95,7,6296.3,899.4714285714286,28,6386.57,228.0917857142857,5,1.99
Nações Shopping,48,18761.27,390.8597916666667,4,2911.82,727.955,11,4775.37,434.12454545454545,8,3572.36,446.545,25,7501.72,300.0688,1,2295.88,2295.88,2,3077.1800000000003,1538.5900000000001,8,5014.66,626.8325,37,8373.55,226.31216216216214,1,1.27
