perfil_cliente,qtd_clientes,valor_total,ticket_medio,frequencia_media,pct_clientes,pct_valor
VIP,122,644581.74,3523.915620015766,2.3442622950819674,7.62,43.63
Premium,242,340062.08,890.9594466720149,2.21900826446281,15.11,23.02
Potencial,398,283960.0,574.4875388250778,1.5979899497487438,24.84,19.22
Pontual,840,208612.14,222.15791825396826,1.2333333333333334,52.43,14.12
