shopping_principal,qtd_clientes,valor_total,ticket_medio,clientes_vip_historico,clientes_vip_periodo,high_spenders,pct_valor
Balneário Shopping,1026,927740.21,619.9831417664532,457,82,113,62.8
Continente Shopping,247,208867.34,722.9037301846099,65,11,12,14.14
Garten Shopping,119,172755.99,1032.151449379752,37,10,12,11.69
Neumarkt Shopping,120,119673.34,673.7809825396824,52,13,18,8.1
Norte Shopping,42,29417.81,604.8754365079365,11,5,5,1.99
Nações Shopping,48,18761.27,355.0864583333334,4,1,1,1.27
