shopping_principal,qtd_clientes,valor_total,ticket_medio,vip_hist,premium_hist,potencial_hist,pontual_hist,vip_periodo,premium_periodo,potencial_periodo,pontual_periodo,high_spenders,pct_valor
Balneário Shopping,1026,927740.21,619.9831417664532,457,183,180,206,82,189,295,460,113,62.8
Continente Shopping,247,208867.34,722.9037301846099,65,34,49,99,11,15,46,175,12,14.14
Garten Shopping,119,172755.99,1032.151449379752,37,26,30,26,10,18,20,71,12,11.69
Neumarkt Shopping,120,119673.34,673.7809825396824,52,23,22,23,13,16,22,69,18,8.1
Norte Shopping,42,29417.81,604.8754365079365,11,5,10,16,5,2,7,28,5,1.99
Nações Shopping,48,18761.27,355.0864583333334,4,11,8,25,1,2,8,37,1,1.27
