faixa_etaria,qtd_hs,valor_total,ticket_medio,pct_hs
16-24 (Gen Z),12,39817.42,3318.1183333333333,4.081632653061225
25-39 (Millennials),101,434410.68,4301.095841584159,34.35374149659864
40-54 (Gen X),142,517528.19,3644.564718309859,48.29931972789115
55-69 (Boomers),35,137941.87,3941.1962857142858,11.904761904761903
70+ (Silent),4,21404.7,5351.175,1.3605442176870748
