genero,qtd_hs,valor_total,ticket_medio,pct_hs
Feminino,201,726890.47,3616.370497512438,68.36734693877551
Masculino,93,424212.39,4561.423548387097,31.63265306122449
