faixa_etaria,Feminino,Masculino,Nao Informado,Outro
16-24 (Gen Z),858.5057798165138,767.5335483870969,0.0,0.0
25-39 (Millennials),866.8926258992806,1055.5057565789473,1035.0,0.0
40-54 (Gen X),964.7210538373424,1017.6956544502617,0.0,592.48
55-69 (Boomers),986.6627966101695,1036.6274774774774,0.0,0.0
70+ (Silent),784.4361290322581,1357.225,0.0,0.0
Nao Informado,61.84,0.0,239.91,0.0
