faixa_etaria,qtd_hs,valor_total,ticket_medio,pct_hs
Boomers (1946-1964),21,140245.58000000002,6678.360952380953,3.3123028391167195
Gen X (1965-1980),165,660675.99,4004.096909090909,26.025236593059937
Gen Z (1997-2012),109,449291.83,4121.943394495413,17.19242902208202
Millennials (1981-1996),338,1254099.28,3710.352899408284,53.31230283911672
Silent (antes 1946),1,4446.75,4446.75,0.15772870662460567
