genero,qtd_hs,valor_total,ticket_medio,pct_hs
Feminino,483,1802265.55,3731.3986542443067,76.18296529968454
Masculino,149,700161.32,4699.069261744966,23.501577287066247
Outro,2,6332.5599999999995,3166.2799999999997,0.31545741324921134
