faixa_etaria,Feminino,Masculino,Nao Informado,Outro
16-24 (Gen Z),804.2831546391753,720.3456363636363,1199.8,981.4716666666667
25-39 (Millennials),782.6485389888603,749.0317857142858,372.69,562.8149999999999
40-54 (Gen X),944.4310232004759,1012.21697265625,0.0,0.0
55-69 (Boomers),1101.3741062801932,1878.8506172839504,0.0,0.0
70+ (Silent),1333.2690476190478,1265.3,0.0,0.0
Nao Informado,305.38500000000005,1896.4566666666667,425.05882352941177,0.0
