total_clientes,qtd_high_spenders,threshold,pct_hs
2868,287,1670.1380000000015,10.00697350069735
