genero,qtd_clientes,valor_total,pct_clientes
Feminino,1891,1474674.41,65.93444909344491
Masculino,976,739793.14,34.03068340306834
Nao Informado,1,1581.58,0.03486750348675035
