faixa_etaria,qtd_clientes,valor_total,pct_clientes
16-24 (Gen Z),276,145523.37,9.623430962343097
25-39 (Millennials),1322,990896.31,46.09483960948396
40-54 (Gen X),1014,840405.91,35.35564853556485
55-69 (Boomers),223,208355.28,7.775453277545327
70+ (Silent),28,18506.23,0.9762900976290098
Nao Informado,5,12362.03,0.17433751743375175
