genero,qtd_clientes,valor_total,pct_clientes
Feminino,323,378775.85,78.20823244552058
Masculino,90,126204.02,21.791767554479417
