faixa_etaria,qtd_clientes,valor_total,pct_clientes
16-24 (Gen Z),15,4287.62,5.7251908396946565
25-39 (Millennials),143,82108.15,54.58015267175572
40-54 (Gen X),92,92255.82,35.11450381679389
55-69 (Boomers),12,10464.039999999999,4.580152671755725
