genero,qtd_clientes,valor_total,pct_clientes
Feminino,195,150010.36,74.42748091603053
Masculino,66,36481.08,25.190839694656486
Outro,1,2624.19,0.38167938931297707
