genero,qtd_clientes,valor_total,ticket_medio,freq_media,idade_media,qtd_high_spenders,pct_clientes,pct_valor,shopping,sigla
Feminino,32423,60064503.9,1852.527647040681,7.334978256176171,41.668312858818446,3381,61.11550931161879,63.426364266996615,Continente Shopping,CS
Masculino,20517,34512192.07,1682.1266301116148,4.925720134522591,42.156036668617126,1920,38.67337706401266,36.44386823753275,Continente Shopping,CS
Nao Informado,46,51437.189999999995,1118.1997826086956,4.543478260869565,39.125,2,0.08670738143708061,0.05431617241428203,Continente Shopping,CS
Outro,66,71452.09,1082.6074242424243,5.53030303030303,36.984848484848484,3,0.12440624293146346,0.07545132305634886,Continente Shopping,CS
