faixa_etaria,qtd_clientes,valor_total,pct_clientes
16-24 (Gen Z),973,842345.97,8.550087873462214
25-39 (Millennials),4756,4838068.41,41.79261862917399
40-54 (Gen X),4421,4921367.33,38.84885764499121
55-69 (Boomers),1124,1198052.97,9.876977152899824
70+ (Silent),97,117576.93,0.8523725834797892
Nao Informado,9,7972.45,0.07908611599297012
