total_clientes,qtd_high_spenders,threshold,pct_hs
15643,1565,2508.7680000000005,10.004474844978585
