faixa_etaria,qtd_clientes,valor_total,pct_clientes
Boomers (1946-1964),1981,4116292.81,8.846514535792435
Gen X (1965-1980),6382,14240414.18,28.4999776715938
Gen Z (1997-2012),3388,5053947.05,15.129728040012505
Millennials (1981-1996),10580,21092211.24,47.246907515741526
Nao Informado,2,1071.03,0.008931362479346224
Silent (antes 1946),60,96714.71,0.2679408743803867
