total_clientes,qtd_high_spenders,threshold,pct_hs
6652,666,2359.0050000000024,10.012026458208059
