faixa_etaria,qtd_clientes,valor_total,pct_clientes
Boomers (1946-1964),637,800414.66,9.576067348165965
Gen X (1965-1980),2128,2688224.56,31.990378833433553
Gen Z (1997-2012),807,638208.24,12.131689717378231
Millennials (1981-1996),3041,3342318.89,45.71557426337943
Nao Informado,9,7285.42,0.13529765484064943
Silent (antes 1946),30,45054.24,0.4509921828021648
