faixa_etaria,qtd_clientes,valor_total,pct_clientes
Boomers (1946-1964),130,171963.99,5.824372759856631
Gen X (1965-1980),597,780714.29,26.747311827956988
Gen Z (1997-2012),343,342333.45,15.367383512544802
Millennials (1981-1996),1154,1206029.47,51.70250896057348
Nao Informado,2,1980.0300000000002,0.08960573476702509
Silent (antes 1946),6,6595.79,0.2688172043010753
