genero,qtd_clientes,valor_total,pct_clientes
Feminino,360,264564.06,76.92307692307693
Masculino,107,71639.51,22.863247863247864
Outro,1,19.9,0.2136752136752137
