dia_semana,valor,transacoes
Domingo,12917.560000000001,16
Quarta,2766.55,6
Quinta,5759.389999999999,11
Sabado,2885.75,7
Segunda,3044.46,10
Sexta,4967.82,7
Terca,3175.16,7
