total_clientes,qtd_high_spenders,threshold,pct_hs
119,12,1778.1160000000004,10.084033613445378
