faixa_etaria,qtd_clientes,valor_total,pct_clientes
16-24 (Gen Z),3,698.6,2.5210084033613445
25-39 (Millennials),55,30131.829999999998,46.21848739495798
40-54 (Gen X),40,87054.28,33.61344537815126
55-69 (Boomers),18,51233.47,15.126050420168067
70+ (Silent),3,3637.81,2.5210084033613445
