faixa_etaria,qtd_clientes,valor_total,pct_clientes
Boomers (1946-1964),14,30844.379999999997,11.76470588235294
Gen X (1965-1980),32,101600.98,26.89075630252101
Gen Z (1997-2012),13,6250.45,10.92436974789916
Millennials (1981-1996),60,34060.18,50.42016806722689
