genero,qtd_clientes,valor_total,pct_clientes
Feminino,84,140577.72,70.58823529411765
Masculino,35,32178.27,29.411764705882355
