loja,valor,clientes
CVC,85121.02,4
Vivara ,14091.0,3
Bergerson,10960.0,1
Havan,5513.51,17
Magazine Luiza,4809.0,1
Maze Skate,4298.7,4
Luiza Barcelos,4159.5,3
Audithorium,3224.39,6
IPLACE MOBILE,3165.0,2
Centauro,3023.7799999999997,4
Renner,2618.11,10
VIRUS 41,2339.6,1
Idéli Oui,2326.0,2
Superlegal,2018.3400000000001,6
La Mandinne,1948.9,3
Makenji,1747.8600000000001,2
Farm,1564.0,1
Damyller,1376.0,1
Samsung,1248.0,1
C&A,1190.93,5
