faixa_etaria,qtd_hs,valor_total,ticket_medio,pct_hs
16-24 (Gen Z),33,159983.3,4847.978787878787,3.166986564299424
25-39 (Millennials),346,1611391.51,4657.200895953757,33.20537428023032
40-54 (Gen X),506,2570058.71,5079.167411067194,48.56046065259117
55-69 (Boomers),144,761302.8,5286.825000000001,13.81957773512476
70+ (Silent),11,90180.48,8198.225454545454,1.055662188099808
Nao Informado,2,6168.54,3084.27,0.19193857965451055
