genero,qtd_hs,valor_total,ticket_medio,pct_hs
Feminino,725,3400003.28,4689.659696551724,69.57773512476008
Masculino,313,1785083.41,5703.141884984026,30.038387715930902
Nao Informado,2,6168.54,3084.27,0.19193857965451055
Outro,2,7830.110000000001,3915.0550000000003,0.19193857965451055
