faixa_etaria,Feminino,Masculino,Nao Informado,Outro
Boomers (1946-1964),597345.81,317123.98,0.0,0.0
Gen X (1965-1980),2957512.44,1247530.14,3053.71,469.97
Gen Z (1997-2012),720002.11,269728.83,1769.06,816.09
Millennials (1981-1996),4198716.23,1742212.31,2327.29,8454.880000000001
Nao Informado,803.46,118.8,6232.34,0.0
Silent (antes 1946),9025.29,5461.030000000001,0.0,0.0
