faixa_etaria,Feminino,Masculino,Nao Informado,Outro
Boomers (1946-1964),1171.2662941176472,1441.4726363636362,0.0,0.0
Gen X (1965-1980),1240.567298657718,1357.4865505984765,1526.855,469.97
Gen Z (1997-2012),876.9818635809987,926.9031958762887,589.6866666666666,408.045
Millennials (1981-1996),1118.1667723035953,1173.2069427609429,1163.645,1690.976
Nao Informado,401.73,118.8,2077.4466666666667,0.0
Silent (antes 1946),1002.8100000000001,1365.2575000000002,0.0,0.0
