persona,qtd_clientes,valor_total,ticket_medio,freq_media,idade_media,pct_clientes,pct_valor
Cliente Regular,8432,8801634.16,282.9984002565686,4.503320683111954,40.7597672485453,80.92907188789711,72.80875044554095
Senior Tradicional,1184,1155616.52,531.6378947072072,2.2947635135135136,62.114020270270274,11.363854496592763,9.559474216481691
Comprador Seletivo,209,1129197.32,4416.3432695374795,1.2679425837320575,38.45933014354067,2.005950667050581,9.340929693407485
Mae Moderna,78,395872.53,165.62351754738776,34.35897435897436,41.30769230769231,0.7486323063633746,3.274731001204772
Executivo Exigente,45,249726.63,173.38613263955702,35.06666666666667,38.51111111111111,0.4319032536711776,2.0657850068237718
Jovem Explorer,410,203975.82,260.84940650406503,2.0195121951219512,22.82439024390244,3.9351185334485077,1.6873258198798597
Jovem Engajado,46,80087.54,130.15233091992633,15.282608695652174,23.130434782608695,0.44150110375275936,0.662498986853741
Senior VIP,15,72593.25,185.73045992843294,28.266666666666666,61.93333333333333,0.14396775122372588,0.6005048298077371
