total_clientes,qtd_high_spenders,threshold,pct_hs
3293,330,2002.0640000000005,10.021257212268448
