faixa_etaria,qtd_clientes,valor_total,pct_clientes
Boomers (1946-1964),179,165536.39,5.435772851503189
Gen X (1965-1980),970,919900.29,29.456422714849683
Gen Z (1997-2012),404,321088.78,12.268448223504404
Millennials (1981-1996),1737,1507310.76,52.748253871849386
Silent (antes 1946),3,3009.56,0.09110233829334953
