faixa_etaria,qtd_clientes,valor_total,pct_clientes
16-24 (Gen Z),170,153667.96,5.162465836623141
25-39 (Millennials),1329,1091562.86,40.35833586395384
40-54 (Gen X),1409,1276855.46,42.787731551776496
55-69 (Boomers),346,361642.61,10.50713634983298
70+ (Silent),37,31197.34,1.1235955056179776
Nao Informado,2,1919.55,0.06073489219556636
