genero,qtd_clientes,valor_total,pct_clientes
Feminino,2991,4047430.0,71.8817591925018
Masculino,1170,1490826.39,28.118240807498196
