faixa_etaria,qtd_hs,valor_total,ticket_medio,pct_hs
16-24 (Gen Z),389,2605131.64,6696.996503856041,3.1204877266163966
25-39 (Millennials),4043,28840275.97,7133.385102646549,32.43221562650409
40-54 (Gen X),5848,45018901.09,7698.170501025992,46.911599550778114
55-69 (Boomers),1876,14469693.46,7713.056215351813,15.048933098026632
70+ (Silent),307,2454540.06,7995.244495114007,2.4626985400288786
Nao Informado,3,64985.909999999996,21661.969999999998,0.024065458045884808
