genero,qtd_hs,valor_total,ticket_medio,pct_hs
Feminino,8184,61290057.92,7489.010009775171,65.65056954917375
Masculino,4276,32129894.17,7514.007055659496,34.301299534734476
Nao Informado,1,8488.48,8488.48,0.008021819348628268
Outro,5,25087.559999999998,5017.512,0.040109096743141344
