faixa_etaria,Feminino,Masculino,Nao Informado,Outro
Boomers (1946-1964),11941575.66,6295774.71,160.7,3586.02
Gen X (1965-1980),45273307.15,23768200.59,3784.9800000000005,20348.89
Gen Z (1997-2012),13608939.76,7388731.22,5307.91,32255.379999999997
Millennials (1981-1996),62639219.27,33922580.08,5497.54,84338.45
Nao Informado,10374.77,6291.59,11536.55,0.0
Silent (antes 1946),298656.02,248849.97999999998,0.0,0.0
