faixa_etaria,Feminino,Masculino,Nao Informado,Outro
Boomers (1946-1964),1841.698898827884,1703.4022483766234,160.7,717.204
Gen X (1965-1980),1935.914955528949,1764.5286258351894,946.2450000000001,847.8704166666666
Gen Z (1997-2012),1223.935584135264,1184.281330341401,884.6516666666666,871.767027027027
Millennials (1981-1996),1651.9652742760695,1552.591884296764,916.2566666666667,1171.367361111111
Nao Informado,798.0592307692308,699.0655555555555,2884.1375,0.0
Silent (antes 1946),1571.8737894736844,2039.7539344262293,0.0,0.0
