shopping_principal,qtd_clientes,valor_total,ticket_medio,vip_hist,premium_hist,potencial_hist,pontual_hist,vip_periodo,premium_periodo,potencial_periodo,pontual_periodo,high_spenders,pct_valor
Neumarkt Shopping,1476,1428824.14,233.26508424997306,755,240,241,240,168,262,346,700,178,22.78
Balneário Shopping,1170,1331445.94,346.26512007743685,617,182,161,210,164,218,296,492,182,21.23
Continente Shopping,1584,1305787.04,249.21212597152987,643,278,273,390,131,231,362,860,144,20.82
Norte Shopping,1491,1030931.46,266.53320403334993,311,285,312,583,97,191,334,869,104,16.44
Garten Shopping,799,589214.57,208.32197986087246,454,133,99,113,50,138,164,447,60,9.4
Nações Shopping,846,585229.55,202.53364443341735,272,154,190,230,62,104,174,506,69,9.33
