shopping_principal,qtd_clientes,valor_total,ticket_medio,vip_hist,vip_valor_hist,vip_ticket_hist,premium_hist,premium_valor_hist,premium_ticket_hist,potencial_hist,potencial_valor_hist,potencial_ticket_hist,pontual_hist,pontual_valor_hist,pontual_ticket_hist,vip_periodo,vip_valor_periodo,vip_ticket_periodo,premium_periodo,premium_valor_periodo,premium_ticket_periodo,potencial_periodo,potencial_valor_periodo,potencial_ticket_periodo,pontual_periodo,pontual_valor_periodo,pontual_ticket_periodo,high_spenders,pct_valor
Neumarkt Shopping,1476,1428824.14,233.26508424997306,755,1043098.13,259.66741105489183,240,165311.2,233.08404029594573,241,142561.4,229.95861194757538,240,77853.41,153.70905773385113,168,647560.17,612.294998900987,262,356629.26,314.206640068184,346,252237.64,228.9594065078485,700,172397.07,114.13087169716371,178,22.78
Balneário Shopping,1170,1331445.94,346.26512007743685,617,1013083.02,443.99142442232625,182,130744.33,258.9194935185747,161,110034.94,270.29696947248544,210,77583.65,193.0777224598814,164,697004.58,1016.1871592646743,218,306684.76,403.20384881614706,296,211122.81,280.1710474846789,492,116633.79,137.49273836140145,182,21.23
Continente Shopping,1584,1305787.04,249.21212597152987,643,819424.11,304.3129453363026,278,212055.52,279.0032015460591,273,158522.23,218.0276096364471,390,115785.18000000001,158.95988776181085,131,536323.15,1041.3283756399373,231,325154.87,341.69707588273263,362,257680.1,251.47644083648365,860,186628.92,102.75755141668976,144,20.82
Norte Shopping,1491,1030931.46,266.53320403334993,311,374862.56,339.67690896498215,285,260317.78,303.8823095655222,312,207958.11000000002,308.6741698806914,583,187793.01,186.70444133218825,97,328348.71,994.7469311003028,191,262576.97,406.34412184060005,334,240761.89,327.37909457769297,869,199243.89,131.13257771748135,104,16.44
Garten Shopping,799,589214.57,208.32197986087246,454,431612.79,221.49691721971092,133,69716.47,217.37373384077824,99,54952.93,220.936904803804,113,32932.38,133.68319747511714,50,174673.23,780.6041280513471,138,193956.68,313.09930043633346,164,118039.05,228.41729249496507,447,102545.61,104.58817914291153,60,9.4
Nações Shopping,846,585229.55,202.53364443341735,272,304383.06,246.38578936539102,154,124187.85,238.50764738369764,190,93342.19,190.9298649255715,230,63316.450000000004,136.17250630581174,62,216678.27,764.0880491056467,104,144448.67,317.762855605074,174,117330.63,219.9130684966109,506,106771.98,104.0667850687411,69,9.33
