shopping_principal,qtd_clientes,valor_total,ticket_medio,vip_hist,vip_valor_hist,vip_ticket_hist,premium_hist,premium_valor_hist,premium_ticket_hist,potencial_hist,potencial_valor_hist,potencial_ticket_hist,pontual_hist,pontual_valor_hist,pontual_ticket_hist,vip_periodo,vip_valor_periodo,vip_ticket_periodo,premium_periodo,premium_valor_periodo,premium_ticket_periodo,potencial_periodo,potencial_valor_periodo,potencial_ticket_periodo,pontual_periodo,pontual_valor_periodo,pontual_ticket_periodo,high_spenders,pct_valor
Neumarkt Shopping,1476,1428824.14,968.0380352303522,755,1043098.13,1381.586927152318,240,165311.2,688.7966666666667,241,142561.4,591.5410788381743,240,77853.41,324.38920833333333,168,647560.17,3854.5248214285716,262,356629.26,1361.1803816793893,346,252237.64,729.010520231214,700,172397.07,246.2815285714286,178,22.78
Balneário Shopping,1170,1331445.94,1137.9879829059828,617,1013083.02,1641.9497893030793,182,130744.33,718.3754395604395,161,110034.94,683.4468322981367,210,77583.65,369.44595238095235,164,697004.58,4250.027926829268,218,306684.76,1406.8108256880735,296,211122.81,713.2527364864865,492,116633.79,237.06054878048778,182,21.23
Continente Shopping,1584,1305787.04,824.360505050505,643,819424.11,1274.376531881804,278,212055.52,762.7896402877698,273,158522.23,580.6675091575092,390,115785.18000000001,296.88507692307695,131,536323.15,4094.0698473282446,231,325154.87,1407.5968398268399,362,257680.1,711.8234806629835,860,186628.92,217.01037209302328,144,20.82
Norte Shopping,1491,1030931.46,691.4362575452716,311,374862.56,1205.3458520900322,285,260317.78,913.3957192982456,312,207958.11000000002,666.5324038461539,583,187793.01,322.1149399656947,97,328348.71,3385.038247422681,191,262576.97,1374.7485340314136,334,240761.89,720.8439820359282,869,199243.89,229.27950517836595,104,16.44
Garten Shopping,799,589214.57,737.4400125156445,454,431612.79,950.6889647577092,133,69716.47,524.183984962406,99,54952.93,555.080101010101,113,32932.38,291.43699115044245,50,174673.23,3493.4646000000002,138,193956.68,1405.4831884057971,164,118039.05,719.7503048780488,447,102545.61,229.4085234899329,60,9.4
Nações Shopping,846,585229.55,691.7606973995272,272,304383.06,1119.0553676470588,154,124187.85,806.4146103896104,190,93342.19,491.27468421052635,230,63316.450000000004,275.28891304347826,62,216678.27,3494.8108064516127,104,144448.67,1388.9295192307693,174,117330.63,674.3139655172414,506,106771.98,211.01181818181817,69,9.33
