perfil_cliente,qtd_clientes,valor_total,ticket_medio,frequencia_media,pct_clientes,pct_valor
VIP,3052,49834533.97,307.628074010323,6.21002621231979,41.43,86.82
Premium,1272,4626494.22,261.6931997211468,4.656446540880503,17.27,8.06
Potencial,1276,2135838.91,245.23130400422946,3.7468652037617556,17.32,3.72
Pontual,1766,800008.3,166.87736062372383,2.808607021517554,23.98,1.39
