faixa_etaria,qtd_clientes,valor_total,pct_clientes
Boomers (1946-1964),341,394487.13,7.695779733694426
Gen X (1965-1980),1311,1831166.98,29.58700067704807
Gen Z (1997-2012),539,601097.6,12.164296998420221
Millennials (1981-1996),2225,2645541.35,50.21439855563078
Nao Informado,1,5192.44,0.022568269013766643
Silent (antes 1946),14,21820.92,0.315955766192733
