total_clientes,qtd_high_spenders,threshold,pct_hs
888,89,2797.4270000000015,10.022522522522523
