faixa_etaria,qtd_clientes,valor_total,pct_clientes
16-24 (Gen Z),39,28627.920000000002,4.391891891891892
25-39 (Millennials),387,425001.98,43.58108108108108
40-54 (Gen X),369,475890.63,41.55405405405405
55-69 (Boomers),75,106337.52,8.445945945945946
70+ (Silent),18,34967.95,2.027027027027027
