faixa_etaria,qtd_clientes,valor_total,pct_clientes
Boomers (1946-1964),58,64544.990000000005,5.742574257425743
Gen X (1965-1980),269,231969.46,26.633663366336634
Gen Z (1997-2012),155,98237.29000000001,15.346534653465346
Millennials (1981-1996),526,413808.93,52.07920792079208
Silent (antes 1946),2,1401.5700000000002,0.19801980198019803
