genero,qtd_clientes,valor_total,ticket_medio,freq_media,idade_media,qtd_high_spenders,pct_clientes,pct_valor,shopping,sigla
Feminino,45408,124907550.54,2750.7829135835095,6.3966481677237494,42.344509307192425,4886,65.12721952898654,68.94802606710623,Balneário Shopping,BS
Masculino,24203,56122205.41,2318.811941081684,4.06028178325001,42.04190775334766,2085,34.71357677634032,30.97903421229134,Balneário Shopping,BS
Nao Informado,54,49025.12,907.8725925925927,2.6296296296296298,26.0,0,0.07745044605719859,0.027061496579588687,Balneário Shopping,BS
Outro,57,83113.86,1458.137894736842,3.456140350877193,35.24561403508772,2,0.08175324861593185,0.0458782240228359,Balneário Shopping,BS
