total_clientes,qtd_high_spenders,threshold,pct_hs
2018,202,1843.1729999999995,10.009910802775025
