faixa_etaria,qtd_clientes,valor_total,pct_clientes
16-24 (Gen Z),129,81168.97,6.392467789890981
25-39 (Millennials),851,684171.84,42.17046580773043
40-54 (Gen X),820,707755.47,40.634291377601585
55-69 (Boomers),197,189465.13,9.762140733399406
70+ (Silent),20,28597.38,0.9910802775024776
Nao Informado,1,404.98,0.049554013875123884
