genero,qtd_clientes,valor_total,pct_clientes
Feminino,3895,3709075.15,58.89023283943151
Masculino,2716,3049347.61,41.06440882975507
Outro,3,1024.45,0.045358330813426065
