faixa_etaria,qtd_clientes,valor_total,pct_clientes
Boomers (1946-1964),1121,1665045.23,6.917191163766506
Gen X (1965-1980),4925,6934603.14,30.38997902011601
Gen Z (1997-2012),2303,2086194.95,14.210786128594346
Millennials (1981-1996),7831,9320782.23,48.321609280513385
Nao Informado,1,474.9,0.0061705541157595955
Silent (antes 1946),25,81265.83,0.1542638528939899
