faixa_etaria,qtd_clientes,valor_total,pct_clientes
16-24 (Gen Z),953,815849.2,5.8805380723188945
25-39 (Millennials),6465,7073641.26,39.89263235838578
40-54 (Gen X),6509,8793295.26,40.164136739479204
55-69 (Boomers),1966,2796680.51,12.131309391583365
70+ (Silent),309,597972.1,1.906701221769715
Nao Informado,4,10927.949999999999,0.024682216463038382
