total_clientes,qtd_high_spenders,threshold,pct_hs
1313,132,1751.9999999999982,10.053313023610052
