faixa_etaria,qtd_clientes,valor_total,pct_clientes
Boomers (1946-1964),38,101983.4,3.629417382999045
Gen X (1965-1980),221,256642.32,21.10792741165234
Gen Z (1997-2012),158,151345.57,15.090735434574976
Millennials (1981-1996),627,697682.07,59.885386819484246
Nao Informado,3,1578.0,0.28653295128939826
