faixa_etaria,qtd_clientes,valor_total,pct_clientes
16-24 (Gen Z),60,97653.12,5.730659025787966
25-39 (Millennials),511,505400.32,48.80611270296084
40-54 (Gen X),410,477547.67,39.159503342884435
55-69 (Boomers),49,114422.3,4.680038204393505
70+ (Silent),12,12037.550000000001,1.146131805157593
Nao Informado,5,2170.4,0.4775549188156638
