genero,qtd_clientes,valor_total,pct_clientes
Feminino,3269,5002186.28,71.7830478700044
Masculino,1284,1711963.11,28.19499341238472
Nao Informado,1,30.0,0.021958717610891524
