faixa_etaria,qtd_clientes,valor_total,pct_clientes
16-24 (Gen Z),260,264407.56,5.709266578831796
25-39 (Millennials),1787,2434899.79,39.240228370663154
40-54 (Gen X),1848,2856430.2,40.57971014492754
55-69 (Boomers),555,976681.71,12.187088274044795
70+ (Silent),102,181343.73,2.2397891963109355
Nao Informado,2,416.4,0.04391743522178305
