genero,qtd_clientes,valor_total,pct_clientes
Feminino,314,192863.66,73.36448598130842
Masculino,114,61886.78,26.635514018691588
