loja,valor,clientes
Bergerson,122700.0,2
Renner,30508.84,106
Coliseu,16560.5,3
Makenji,16375.390000000001,10
Riachuelo,16372.95,56
Magazine Luiza,14579.8,1
Havan,12332.08,43
C&A,12059.57,46
IPLACE MOBILE,10740.369999999999,7
Centauro,9149.03,29
Idéli Oui,8865.7,16
Hering,7686.29,35
Pittol,7655.32,28
Superlegal,7332.38,35
Shoulder,5452.2,6
Livrarias Curitiba,5172.03,50
VIRUS 41,5110.96,11
O Boticário,4854.12,32
Adidas,4838.78,7
Kalunga,4838.75,67
