faixa_etaria,qtd_clientes,valor_total,pct_clientes
Boomers (1946-1964),325,399519.37,5.219206680584551
Gen X (1965-1980),1636,1896844.91,26.272683475188696
Gen Z (1997-2012),984,813031.04,15.80215191906215
Millennials (1981-1996),3271,3507321.16,52.52930785289867
Nao Informado,3,381.89,0.04817729243616509
Silent (antes 1946),8,5184.08,0.12847277982977356
