faixa_etaria,qtd_clientes,valor_total,pct_clientes
16-24 (Gen Z),465,398471.24,7.467480327605588
25-39 (Millennials),2655,2715910.52,42.6369038060061
40-54 (Gen X),2445,2740184.58,39.26449333547455
55-69 (Boomers),583,679158.37,9.362453830094749
70+ (Silent),67,83279.7,1.0759595310743537
Nao Informado,12,5278.04,0.19270916974466035
