total_clientes,qtd_high_spenders,threshold,pct_hs
764,77,1188.8680000000008,10.078534031413612
