faixa_etaria,qtd_clientes,valor_total,pct_clientes
16-24 (Gen Z),25,20715.6,4.6040515653775325
25-39 (Millennials),261,241848.19,48.06629834254144
40-54 (Gen X),217,230454.53,39.963167587476974
55-69 (Boomers),35,37234.88,6.445672191528545
70+ (Silent),5,13754.57,0.9208103130755065
