genero,qtd_clientes,valor_total,pct_clientes
Feminino,431,458792.01,79.37384898710866
Masculino,112,85215.76,20.626151012891345
