total_clientes,qtd_high_spenders,threshold,pct_hs
138,14,1003.0119999999997,10.144927536231885
