faixa_etaria,qtd_clientes,valor_total,pct_clientes
Boomers (1946-1964),15,6753.7,10.869565217391305
Gen X (1965-1980),40,25293.72,28.985507246376812
Gen Z (1997-2012),19,11935.74,13.768115942028986
Millennials (1981-1996),63,46041.99,45.65217391304348
Nao Informado,1,69.47,0.7246376811594203
