total_clientes,qtd_high_spenders,threshold,pct_hs
174,18,2482.152000000001,10.344827586206897
