faixa_etaria,qtd_clientes,valor_total,pct_clientes
16-24 (Gen Z),3,563.2,1.7241379310344827
25-39 (Millennials),59,42754.92,33.90804597701149
40-54 (Gen X),85,102197.33,48.85057471264368
55-69 (Boomers),21,17293.68,12.068965517241379
70+ (Silent),6,10031.48,3.4482758620689653
