genero,qtd_clientes,valor_total,pct_clientes
Feminino,126,116815.87,72.41379310344827
Masculino,47,55612.64,27.011494252873565
Nao Informado,1,412.1,0.5747126436781609
