shopping_principal,qtd_clientes,valor_total,ticket_medio,clientes_vip_historico,clientes_vip_periodo,high_spenders,pct_valor
Balneário Shopping,9992,16855184.24,648.0073139146249,2730,2192,1645,44.3
Continente Shopping,6564,6256820.45,383.0363838345969,1263,685,452,16.44
Neumarkt Shopping,5938,6180519.08,374.0410346092919,1792,724,470,16.24
Garten Shopping,5733,5681783.43,382.1152656487893,1220,628,414,14.93
Norte Shopping,3002,2622276.44,421.1804631384657,514,276,194,6.89
Nações Shopping,758,451260.17,219.49160606787245,203,42,24,1.19
