quantil,recencia_dias,frequencia,valor_periodo,escopo
20%,354.0,1.0,259.9,Global
40%,356.0,2.0,475.57,Global
60%,359.0,3.0,827.9599999999999,Global
80%,361.0,5.0,1539.5620000000004,Global
