total_clientes,qtd_high_spenders,threshold,pct_hs
25012,2502,3128.5290000000005,10.003198464736926
