faixa_etaria,qtd_clientes,valor_total,pct_clientes
Boomers (1946-1964),1382,1861697.31,5.525347833040141
Gen X (1965-1980),6058,9963612.21,24.22037422037422
Gen Z (1997-2012),4796,5191342.61,19.17479609787302
Millennials (1981-1996),12713,18887636.07,50.82760275067968
Nao Informado,26,15392.26,0.10395010395010396
Silent (antes 1946),37,40061.55,0.14792899408284024
