total_clientes,qtd_high_spenders,threshold,pct_hs
809,81,1460.7420000000002,10.012360939431398
