faixa_etaria,qtd_clientes,valor_total,pct_clientes
Boomers (1946-1964),9,3754.25,1.1124845488257107
Gen X (1965-1980),144,173170.85,17.79975278121137
Gen Z (1997-2012),201,125297.48,24.84548825710754
Millennials (1981-1996),453,304925.49,55.99505562422744
Nao Informado,2,1083.19,0.2472187886279357
