genero,qtd_clientes,valor_total,pct_clientes
Feminino,1738,1722959.64,68.96825396825396
Masculino,779,879102.76,30.912698412698415
Outro,3,1631.5400000000002,0.11904761904761905
