faixa_etaria,qtd_clientes,valor_total,pct_clientes
Boomers (1946-1964),247,261866.35,9.801587301587302
Gen X (1965-1980),901,1018055.43,35.75396825396825
Gen Z (1997-2012),200,151117.22,7.936507936507936
Millennials (1981-1996),1166,1166885.1,46.26984126984127
Silent (antes 1946),6,5769.84,0.2380952380952381
