loja,valor,clientes
Renner,227350.3,556
Vivara,175974.65,73
Shoulder,115854.47,110
Havan,94362.59,277
Centauro,82523.21,177
Idéli.Oui,74667.55,85
Cia do Homem,70782.62,89
Cvc Viagens,57009.74,3
Riachuelo,56529.41,195
Victor Hugo,55838.25,20
Le Lis ,55718.82,33
Life by Vivara,51378.9,81
Ótica Chroma ,49673.0,21
TIM,49530.62,12
Hering Store,48382.520000000004,138
Track & Field,43017.72,55
Brooksfield,42384.63,26
Maze,38564.99,41
Zeiss Vision Center,38173.92,8
iPlace Mobile,38131.479999999996,14
