total_clientes,qtd_high_spenders,threshold,pct_hs
1367,137,1521.2220000000007,10.02194586686174
