faixa_etaria,qtd_clientes,valor_total,pct_clientes
Boomers (1946-1964),50,27815.87,3.6576444769568397
Gen X (1965-1980),311,236658.41,22.750548646671543
Gen Z (1997-2012),238,123163.67,17.410387710314556
Millennials (1981-1996),766,538425.7,56.035113386978786
Silent (antes 1946),2,2285.0,0.1463057790782736
