genero,qtd_clientes,valor_total,pct_clientes
Feminino,919,617479.03,67.22750548646673
Masculino,448,310869.62,32.77249451353328
