total_clientes,qtd_high_spenders,threshold,pct_hs
8314,832,2589.2869999999994,10.007216742843397
