faixa_etaria,qtd_clientes,valor_total,pct_clientes
Boomers (1946-1964),807,1202990.36,9.706519124368535
Gen X (1965-1980),2733,3750563.47,32.87226365167188
Gen Z (1997-2012),992,896535.88,11.931681501082512
Millennials (1981-1996),3754,4374023.24,45.15275439018523
Nao Informado,1,6698.0,0.012027904738994467
Silent (antes 1946),27,38706.74,0.3247534279528506
