total_clientes,qtd_high_spenders,threshold,pct_hs
48,5,637.8600000000002,10.416666666666668
