genero,qtd_clientes,valor_total,pct_clientes
Feminino,25,7590.96,52.083333333333336
Masculino,23,11170.31,47.91666666666667
