faixa_etaria,qtd_clientes,valor_total,pct_clientes
Boomers (1946-1964),1,364.9,2.083333333333333
Gen X (1965-1980),13,6364.780000000001,27.083333333333332
Gen Z (1997-2012),6,1021.72,12.5
Millennials (1981-1996),28,11009.87,58.333333333333336
