total_clientes,qtd_high_spenders,threshold,pct_hs
5236,524,2332.6099999999997,10.007639419404125
