faixa_etaria,qtd_clientes,valor_total,pct_clientes
Boomers (1946-1964),529,705253.24,10.103132161955692
Gen X (1965-1980),1730,2250128.33,33.04048892284187
Gen Z (1997-2012),629,504051.2,12.012987012987013
Millennials (1981-1996),2329,2482978.08,44.48051948051948
Nao Informado,1,101.8,0.019098548510313215
Silent (antes 1946),18,33921.76,0.3437738731856379
