genero,qtd_clientes,valor_total,pct_clientes
Feminino,3470,3799330.24,66.27196333078686
Masculino,1761,2175619.18,33.632543926661576
Outro,5,1484.99,0.09549274255156609
