total_clientes,qtd_high_spenders,threshold,pct_hs
403,41,3150.9760000000006,10.173697270471465
