genero,qtd_clientes,valor_total,pct_clientes
Feminino,5295,4830841.88,62.463135543234635
Masculino,3174,3144418.54,37.44249144744603
Nao Informado,1,503.0,0.011796626164916835
Outro,7,4808.27,0.08257638315441783
