faixa_etaria,qtd_clientes,valor_total,pct_clientes
Boomers (1946-1964),1051,1896554.02,6.314208471012315
Gen X (1965-1980),4899,7062530.84,29.43226194052268
Gen Z (1997-2012),2728,2966505.95,16.389306097927307
Millennials (1981-1996),7947,10432444.06,47.74406728747372
Nao Informado,3,3138.19,0.018023430459597475
Silent (antes 1946),17,12451.96,0.1021327726043857
