faixa_etaria,qtd_clientes,valor_total,pct_clientes
16-24 (Gen Z),1261,1107118.87,7.575848603184139
25-39 (Millennials),6638,8463535.17,39.879843796936015
40-54 (Gen X),6526,9223866.91,39.20696905977771
55-69 (Boomers),1965,2977729.0,11.805346951036347
70+ (Silent),251,556736.73,1.5079603484529889
Nao Informado,4,44638.340000000004,0.024031240612796635
