faixa_etaria,qtd_clientes,valor_total,pct_clientes
16-24 (Gen Z),230,198959.18,14.4745122718691
25-39 (Millennials),830,755216.05,52.23410950283197
40-54 (Gen X),451,547887.23,28.382630585273755
55-69 (Boomers),55,67898.3,3.4612964128382635
70+ (Silent),8,2887.17,0.5034612964128383
Nao Informado,15,17804.31,0.9439899307740718
