genero,qtd_clientes,valor_total,pct_clientes
Feminino,601,489478.33,65.39717083786725
Masculino,314,269616.99,34.16757344940152
Outro,4,1137.18,0.4352557127312296
