genero,qtd_clientes,valor_total,pct_clientes
Feminino,725,837967.82,75.75757575757575
Masculino,231,292764.67,24.137931034482758
Nao Informado,1,129.4,0.10449320794148381
