genero,qtd_clientes,valor_total,pct_clientes
Feminino,429,228235.26,68.0952380952381
Masculino,201,131240.07,31.9047619047619
