faixa_etaria,qtd_clientes,valor_total,pct_clientes
16-24 (Gen Z),1375,1235946.03,9.658611969654398
25-39 (Millennials),6513,7843855.69,45.75021073335206
40-54 (Gen X),4939,6932775.06,34.69373419499859
55-69 (Boomers),1220,1546290.54,8.569822983984265
70+ (Silent),148,168419.99,1.039617870188255
Nao Informado,41,66380.93000000001,0.288002247822422
