faixa_etaria,qtd_clientes,valor_total,pct_clientes
16-24 (Gen Z),713,592457.02,4.985316738917634
25-39 (Millennials),4869,5413710.45,34.044189623828835
40-54 (Gen X),5927,8769966.3,41.44175639770661
55-69 (Boomers),2325,3512757.75,16.256467626905327
70+ (Silent),466,652028.35,3.2582855544679066
Nao Informado,2,763.57,0.013984058173682003
