genero,qtd_clientes,valor_total,pct_clientes
Feminino,9465,12652384.0,66.17955530695008
Masculino,4827,6278673.41,33.75052440218151
Outro,10,10626.029999999999,0.06992029086841
