faixa_etaria,qtd_hs,valor_total,ticket_medio,pct_hs
Boomers (1946-1964),11,31956.98,2905.18,6.962025316455696
Gen X (1965-1980),45,149541.28,3323.1395555555555,28.48101265822785
Gen Z (1997-2012),9,23422.149999999998,2602.4611111111108,5.69620253164557
Millennials (1981-1996),93,298997.47,3215.0265591397847,58.86075949367089
