genero,qtd_hs,valor_total,ticket_medio,pct_hs
Feminino,122,392165.27999999997,3214.469508196721,77.21518987341773
Masculino,35,109128.41,3117.9545714285714,22.151898734177212
Outro,1,2624.19,2624.19,0.6329113924050633
