faixa_etaria,Feminino,Masculino,Nao Informado,Outro
16-24 (Gen Z),39712.659999999996,8168.6900000000005,722.5,0.0
25-39 (Millennials),392870.05,101651.31,0.0,2624.19
40-54 (Gen X),409392.75,139826.53,112.35,0.0
55-69 (Boomers),89696.14,22760.51,0.0,0.0
70+ (Silent),6507.580000000001,2175.77,0.0,0.0
Nao Informado,377.86,118.8,1306.85,0.0
