faixa_etaria,Feminino,Masculino,Nao Informado,Outro
Boomers (1946-1964),1114.38625,689.355,0.0,0.0
Gen X (1965-1980),941.9370437956204,902.9539175257731,112.35,0.0
Gen Z (1997-2012),486.75291666666664,437.2792647058823,722.5,0.0
Millennials (1981-1996),823.5747533632288,658.4222727272727,0.0,2624.19
Nao Informado,377.86,118.8,653.425,0.0
