total_clientes,qtd_high_spenders,threshold,pct_hs
6104,611,2085.6779999999994,10.009829619921364
