genero,qtd_hs,valor_total,ticket_medio,pct_hs
Feminino,1349,6737024.53,4994.087865085248,66.61728395061728
Masculino,674,3671998.64,5448.069198813057,33.28395061728395
Nao Informado,1,5192.44,5192.44,0.04938271604938272
Outro,1,2956.91,2956.91,0.04938271604938272
