faixa_etaria,qtd_hs,valor_total,ticket_medio,pct_hs
16-24 (Gen Z),60,296942.0,4949.033333333334,2.9629629629629632
25-39 (Millennials),665,3189439.53,4796.149669172932,32.839506172839506
40-54 (Gen X),975,5075144.06,5205.275958974358,48.148148148148145
55-69 (Boomers),279,1485611.86,5324.7736917562725,13.777777777777779
70+ (Silent),43,354951.2,8254.679069767442,2.123456790123457
Nao Informado,3,15083.869999999999,5027.956666666666,0.14814814814814814
