faixa_etaria,Feminino,Masculino,Nao Informado,Outro
Boomers (1946-1964),1457.8695156407668,1176.5914312617704,160.7,0.0
Gen X (1965-1980),1368.9313027295286,1331.9722550831793,0.0,850.656
Gen Z (1997-2012),952.2206173558533,994.3194468704512,1231.33,647.1933333333333
Millennials (1981-1996),1131.482097590003,1199.3129831932772,0.0,761.6691666666667
Nao Informado,61.84,404.98,2617.12,0.0
Silent (antes 1946),1353.8335000000002,1137.0526315789473,0.0,0.0
