persona,qtd_clientes,valor_total,ticket_medio,freq_media,idade_media,pct_clientes,pct_valor
Cliente Regular,15813,16970931.99,380.0320689753404,3.4912413836716625,40.20914784589106,78.11589191325396,69.373949236303
Senior Tradicional,2623,2922722.7,667.3445017791333,2.114372855508959,62.435760579489134,12.957565578224573,11.947535724087862
Comprador Seletivo,498,2508455.2,4053.455515394913,1.3172690763052208,40.06438631790744,2.4601096675393963,10.254088803660355
Mae Moderna,107,598882.75,183.37400461698226,32.6822429906542,41.32710280373832,0.5285777799733241,2.448119026196012
Jovem Explorer,1038,598257.54,337.2173137443802,1.8622350674373795,22.71965317919075,5.127698463666452,2.445563286368195
Executivo Exigente,84,541866.23,211.1783600853511,36.357142857142854,37.57142857142857,0.4149582571753198,2.215046313015535
Senior VIP,27,194099.25,244.8615217774946,32.148148148148145,60.333333333333336,0.13337943980635283,0.7934408978975873
Jovem Engajado,53,127759.53,164.13158795171242,17.339622641509433,22.528301886792452,0.2618189003606185,0.5222567124714482
