faixa_etaria,qtd_clientes,valor_total,pct_clientes
16-24 (Gen Z),69,59121.729999999996,6.301369863013699
25-39 (Millennials),498,503344.57,45.47945205479452
40-54 (Gen X),454,579700.52,41.46118721461187
55-69 (Boomers),55,74369.05,5.0228310502283104
70+ (Silent),12,12458.99,1.095890410958904
Nao Informado,7,4008.63,0.6392694063926941
