genero,qtd_hs,valor_total,ticket_medio,pct_hs
Feminino,598,2660284.65,4448.636538461538,65.78657865786579
Masculino,310,1620026.8,5225.892903225807,34.1034103410341
Outro,1,3355.9,3355.9,0.11001100110011
