faixa_etaria,qtd_hs,valor_total,ticket_medio,pct_hs
Boomers (1946-1964),70,319269.23,4560.989,7.700770077007702
Gen X (1965-1980),366,1810763.82,4947.442131147541,40.26402640264026
Gen Z (1997-2012),81,361852.74,4467.317777777777,8.91089108910891
Millennials (1981-1996),387,1766920.9,4565.687080103359,42.57425742574257
Silent (antes 1946),5,24860.66,4972.132,0.5500550055005501
