faixa_etaria,Feminino,Masculino,Nao Informado,Outro
16-24 (Gen Z),807.113498349835,910.5690769230769,0.0,0.0
25-39 (Millennials),899.7638590057051,925.8744833475662,84.1,1337.6275
40-54 (Gen X),1101.5435754610462,1273.9219261637238,0.0,655.76
55-69 (Boomers),1361.7245638629283,1288.32953125,0.0,1106.25
70+ (Silent),1441.9687912087913,1073.634705882353,0.0,0.0
Nao Informado,293.135,1008.99,69.97,0.0
