persona,qtd_clientes,valor_total,ticket_medio,freq_media,idade_media,pct_clientes,pct_valor
Cliente Regular,7395,6726040.57,330.53276641766325,3.5012846517917513,40.149100257069406,81.42479630037437,69.66401664833596
Comprador Seletivo,258,1335785.77,4255.978546511628,1.2829457364341086,39.992248062015506,2.8407839682889233,13.835212730495064
Senior Tradicional,943,1149668.9,762.0460231530576,2.0827147401908803,62.197242841993635,10.383175512001761,11.907533497032427
Jovem Explorer,432,244810.06,318.15005401234566,1.8634259259259258,22.875,4.756661528297731,2.535585671544667
Jovem Engajado,28,60216.88,161.9919094453353,13.571428571428571,22.785714285714285,0.30830213609337154,0.623687842375124
Executivo Exigente,11,53839.78,180.40200515429,27.727272727272727,44.72727272727273,0.12111869632239596,0.5576379284704115
Mae Moderna,11,53653.33,176.79131679524323,31.0,39.27272727272727,0.12111869632239596,0.5557067988899542
Senior VIP,4,30955.66,255.99526838760218,30.25,62.75,0.04404316229905307,0.3206188828564005
