genero,qtd_clientes,valor_total,pct_clientes
Feminino,5150,5261777.23,63.729736418760055
Masculino,2925,2850503.01,36.19601534463556
Outro,6,4260.83,0.07424823660438064
