faixa_etaria,qtd_clientes,valor_total,pct_clientes
16-24 (Gen Z),509,409692.57,6.298725405271625
25-39 (Millennials),3578,3361678.93,44.276698428412324
40-54 (Gen X),3012,3305877.23,37.272614775399084
55-69 (Boomers),865,908307.1,10.704120777131543
70+ (Silent),116,130438.35,1.4354659076846925
Nao Informado,1,546.89,0.012374706100730107
