genero,qtd_clientes,valor_total,pct_clientes
Feminino,905,1004803.04,78.62728062554301
Masculino,246,300685.67,21.372719374456995
