faixa_etaria,qtd_clientes,valor_total,pct_clientes
16-24 (Gen Z),82,76561.47,7.124239791485665
25-39 (Millennials),532,587745.5,46.22067767158992
40-54 (Gen X),459,484521.65,39.87836663770634
55-69 (Boomers),65,128406.7,5.647263249348393
70+ (Silent),10,27846.13,0.8688097306689836
Nao Informado,3,407.26,0.26064291920069504
