total_clientes,qtd_high_spenders,threshold,pct_hs
2118,212,2154.7729999999997,10.009442870632672
