faixa_etaria,qtd_clientes,valor_total,pct_clientes
16-24 (Gen Z),61,58336.56,2.8800755429650615
25-39 (Millennials),637,499780.69,30.07554296506138
40-54 (Gen X),1021,1078056.35,48.20585457979226
55-69 (Boomers),348,354285.05,16.43059490084986
70+ (Silent),50,39914.33,2.3607176581680833
Nao Informado,1,615.93,0.047214353163361665
