genero,qtd_clientes,valor_total,pct_clientes
Feminino,1552,1431562.83,73.27667610953729
Masculino,563,595232.38,26.581680830972616
Outro,3,4193.7,0.141643059490085
