faixa_etaria,qtd_clientes,valor_total,pct_clientes
16-24 (Gen Z),366,298132.05,5.811368688472531
25-39 (Millennials),2576,2636091.54,40.90187361067005
40-54 (Gen X),2530,2762831.13,40.17148301047952
55-69 (Boomers),687,800615.84,10.908224833280407
70+ (Silent),111,127662.28,1.762464274372817
Nao Informado,28,19399.829999999998,0.4445855827246745
