genero,qtd_hs,valor_total,ticket_medio,pct_hs
Feminino,5094,28583589.92,5611.226917942678,65.14899603529864
Masculino,2722,16737905.6,6149.120352681852,34.81263588694206
Outro,3,12365.52,4121.84,0.03836807775930426
