faixa_etaria,qtd_hs,valor_total,ticket_medio,pct_hs
Boomers (1946-1964),782,4764061.58,6092.150358056266,10.00127893592531
Gen X (1965-1980),2871,17168526.89,5979.9815012190875,36.718250415654175
Gen Z (1997-2012),627,3285625.2,5240.231578947369,8.01892825169459
Millennials (1981-1996),3515,19927396.79,5669.245174964438,44.95459777465149
Silent (antes 1946),24,188250.58,7843.774166666666,0.30694462207443407
