faixa_etaria,Feminino,Masculino,Nao Informado,Outro
16-24 (Gen Z),951.5625331472436,972.6583322559793,0.0,755.91
25-39 (Millennials),1224.961749025721,1225.9773454444341,0.0,1011.5360526315789
40-54 (Gen X),1525.40967106559,1489.3955639097744,163.135,696.026
55-69 (Boomers),1582.7091195248702,1491.5264927380313,0.0,712.2950000000001
70+ (Silent),1489.532802013423,1685.1161480362537,0.0,0.0
Nao Informado,658.3208333333333,3116.9479999999994,0.0,0.0
