total_clientes,qtd_high_spenders,threshold,pct_hs
18869,1887,3918.058000000005,10.000529969791721
