faixa_etaria,qtd_clientes,valor_total,pct_clientes
Boomers (1946-1964),19,14945.73,2.7737226277372264
Gen X (1965-1980),151,137947.91,22.043795620437955
Gen Z (1997-2012),106,65840.73,15.474452554744525
Millennials (1981-1996),408,278264.48,59.56204379562043
Nao Informado,1,488.9,0.145985401459854
