faixa_etaria,qtd_clientes,valor_total,pct_clientes
16-24 (Gen Z),46,21661.08,6.715328467153285
25-39 (Millennials),317,192787.14,46.277372262773724
40-54 (Gen X),273,237624.02,39.85401459854015
55-69 (Boomers),47,43300.61,6.86131386861314
70+ (Silent),1,1626.0,0.145985401459854
Nao Informado,1,488.9,0.145985401459854
