total_clientes,qtd_high_spenders,threshold,pct_hs
19692,1970,3876.3580000000006,10.004062563477554
