faixa_etaria,qtd_clientes,valor_total,pct_clientes
Boomers (1946-1964),1898,3445707.38,9.638431850497664
Gen X (1965-1980),5916,11602408.93,30.04265691651432
Gen Z (1997-2012),2603,3391897.23,13.218565915092423
Millennials (1981-1996),9215,15865040.55,46.795653057079015
Nao Informado,2,287.22,0.010156408693885842
Silent (antes 1946),58,116273.42,0.2945358521226894
