total_clientes,qtd_high_spenders,threshold,pct_hs
4508,451,2015.2140000000006,10.004436557231589
