genero,qtd_clientes,valor_total,pct_clientes
Feminino,1301,1415657.73,70.09698275862068
Masculino,553,561642.71,29.79525862068966
Outro,2,634.8,0.10775862068965517
