faixa_etaria,qtd_clientes,valor_total,pct_clientes
Boomers (1946-1964),148,174429.07,7.974137931034483
Gen X (1965-1980),652,799624.31,35.12931034482759
Gen Z (1997-2012),174,133451.47,9.375
Millennials (1981-1996),877,852030.18,47.252155172413794
Silent (antes 1946),5,18400.21,0.26939655172413796
