genero,qtd_hs,valor_total,ticket_medio,pct_hs
Feminino,1113,5024810.87,4514.654869721474,69.69317470256732
Masculino,483,2473129.4,5120.350724637681,30.244207889793362
Outro,1,2358.35,2358.35,0.06261740763932373
