faixa_etaria,qtd_hs,valor_total,ticket_medio,pct_hs
16-24 (Gen Z),61,288886.84,4735.849836065574,3.819661865998748
25-39 (Millennials),537,2505817.72,4666.327225325885,33.625547902316846
40-54 (Gen X),725,3167549.58,4369.033903448276,45.397620538509706
55-69 (Boomers),233,1097820.75,4711.67703862661,14.58985597996243
70+ (Silent),40,437968.63,10949.21575,2.504696305572949
Nao Informado,1,2255.1,2255.1,0.06261740763932373
