faixa_etaria,Feminino,Masculino,Outro
Boomers (1946-1964),1199.7229864864864,1796.0550788643532,459.97
Gen X (1965-1980),1129.5434014237078,1032.2018931710616,2089.05
Gen Z (1997-2012),791.2399785867237,844.851152647975,652.1450000000001
Millennials (1981-1996),964.6878669807902,971.5768644067797,1234.06
Silent (antes 1946),2079.756153846154,1030.78125,0.0
