faixa_etaria,qtd_clientes,valor_total,pct_clientes
Boomers (1946-1964),55,60128.29,4.195270785659801
Gen X (1965-1980),412,341107.49,31.426392067124333
Gen Z (1997-2012),192,130030.98,14.645308924485127
Millennials (1981-1996),650,477933.79,49.58047292143402
Nao Informado,1,404.98,0.07627765064836003
Silent (antes 1946),1,249.93,0.07627765064836003
