faixa_etaria,qtd_clientes,valor_total,pct_clientes
16-24 (Gen Z),88,57294.95,6.712433257055683
25-39 (Millennials),523,370247.23,39.89321128909229
40-54 (Gen X),541,440141.91,41.26620900076278
55-69 (Boomers),145,125803.63,11.060259344012206
70+ (Silent),13,15962.76,0.9916094584286803
Nao Informado,1,404.98,0.07627765064836003
