perfil_cliente,qtd_clientes,valor_total,ticket_medio,frequencia_media,pct_clientes,pct_valor
VIP,125,440912.99,765.7581239249766,9.624,7.93,36.2
Premium,251,349781.15,334.05746665817287,7.374501992031872,15.92,28.72
Potencial,347,247542.99,237.22012653497586,5.175792507204611,22.0,20.32
Pontual,854,179787.41,106.37515016707512,2.5948477751756442,54.15,14.76
