shopping_principal,qtd_clientes,valor_total,ticket_medio,vip_hist,vip_valor_hist,vip_ticket_hist,premium_hist,premium_valor_hist,premium_ticket_hist,potencial_hist,potencial_valor_hist,potencial_ticket_hist,pontual_hist,pontual_valor_hist,pontual_ticket_hist,vip_periodo,vip_valor_periodo,vip_ticket_periodo,premium_periodo,premium_valor_periodo,premium_ticket_periodo,potencial_periodo,potencial_valor_periodo,potencial_ticket_periodo,pontual_periodo,pontual_valor_periodo,pontual_ticket_periodo,high_spenders,pct_valor
Balneário Shopping,298,323039.98,1084.0267785234898,199,269237.96,1352.9545728643218,30,21662.43,722.081,36,21299.57,591.6547222222222,33,10840.02,328.48545454545456,42,157993.77,3761.7564285714284,58,82253.08,1418.156551724138,71,53476.3,753.187323943662,127,29316.83,230.8411811023622,47,26.52
Neumarkt Shopping,340,271348.22,798.083,235,228390.88,971.876085106383,38,17076.78,449.38894736842104,38,20415.28,537.2442105263158,29,5465.28,188.45793103448275,31,91874.22,2963.684516129032,60,82690.07,1378.1678333333334,84,59391.96,707.0471428571428,165,37391.97,226.618,40,22.28
Continente Shopping,397,261913.33000000002,659.7313098236776,233,195012.03,836.9615021459227,64,35546.73,555.41765625,44,19636.31,446.27977272727276,56,11718.26,209.25464285714287,21,68640.92,3268.615238095238,65,90868.82,1397.9818461538462,79,55620.31,704.0545569620252,232,46783.28,201.65206896551723,29,21.5
Garten Shopping,260,188641.94,725.545923076923,155,140313.85,905.2506451612903,39,29465.14,755.5164102564103,32,9904.42,309.513125,34,8958.53,263.48617647058825,18,80148.62,4452.701111111111,29,40319.91,1390.3417241379311,50,35113.69,702.2738,163,33059.72,202.82036809815952,23,15.49
Nações Shopping,154,87460.35,567.9243506493507,69,55671.65,806.8355072463768,21,11003.47,523.9747619047619,40,17210.47,430.26175,24,3574.76,148.94833333333335,5,21677.4,4335.4800000000005,16,23332.42,1458.27625,33,22199.91,672.7245454545455,100,20250.62,202.50619999999998,9,7.18
Norte Shopping,128,85620.72,668.911875,82,62977.58,768.0192682926829,17,10033.61,590.2123529411765,14,8945.99,638.9992857142857,15,3663.54,244.236,8,20578.06,2572.2575,23,30316.85,1318.1239130434783,30,21740.82,724.694,67,12984.99,193.80582089552237,10,7.03
