faixa_etaria,qtd_clientes,valor_total,pct_clientes
Boomers (1946-1964),72,81576.45,4.051772650534609
Gen X (1965-1980),473,448951.19,26.617895329206526
Gen Z (1997-2012),269,212669.15,15.137872819358469
Millennials (1981-1996),961,730298.52,54.079909960607765
Silent (antes 1946),2,2501.26,0.11254924029262803
