faixa_etaria,qtd_clientes,valor_total,pct_clientes
16-24 (Gen Z),112,78323.81,6.302757456387169
25-39 (Millennials),750,572011.2,42.20596510973551
40-54 (Gen X),747,635825.52,42.03714124929657
55-69 (Boomers),155,167957.62,8.722566122678673
70+ (Silent),13,21878.420000000002,0.7315700619020821
