genero,qtd_clientes,valor_total,pct_clientes
Feminino,2200,2332017.15,69.05210295040803
Masculino,983,1278813.27,30.853735091023225
Outro,3,2873.32,0.09416195856873823
