faixa_etaria,qtd_clientes,valor_total,pct_clientes
Boomers (1946-1964),161,227157.52,6.018691588785047
Gen X (1965-1980),780,916705.63,29.1588785046729
Gen Z (1997-2012),359,326572.88,13.42056074766355
Millennials (1981-1996),1362,1313362.21,50.91588785046729
Nao Informado,6,2909.84,0.22429906542056074
Silent (antes 1946),7,10052.5,0.26168224299065423
