genero,qtd_clientes,valor_total,pct_clientes
Feminino,1506,1841675.22,64.88582507539854
Masculino,810,966823.73,34.89875053856096
Outro,5,5013.23,0.2154243860404998
