faixa_etaria,qtd_clientes,valor_total,pct_clientes
16-24 (Gen Z),108,119876.71,4.653166738474796
25-39 (Millennials),945,1125583.01,40.71520896165446
40-54 (Gen X),992,1224825.71,42.74019819043516
55-69 (Boomers),233,292806.04,10.03877638948729
70+ (Silent),42,50074.43,1.809564842740198
Nao Informado,1,346.28,0.043084877208099955
