loja,valor,clientes
Zara,350779.43,426
Vivara,154116.95,37
Renner,146926.24,365
Sephora,146532.95,212
Centauro,85236.99,185
Samsung,74739.98,18
Padrão,63664.8,25
BOSS,63340.0,20
C&A,62040.909999999996,186
Adidas,49477.98,57
Riachuelo,48198.97,157
LE LIS BLANC DEUX,47768.99,25
Superlegal Brinquedos,45203.340000000004,158
Paris Cosméticos,43089.15,130
The North Face,42714.0,21
Ugg,40968.0,15
Sunglass Hut,38982.55,16
TIM,37770.0,7
Brooksfield,37328.45,25
Track&Field,36972.83,57
