total_clientes,qtd_high_spenders,threshold,pct_hs
3523,353,2297.784000000002,10.019869429463526
