genero,qtd_clientes,valor_total,pct_clientes
Feminino,2435,2625535.35,69.1172296338348
Masculino,1084,1036591.64,30.76923076923077
Outro,4,3980.5,0.11353959693443089
