faixa_etaria,qtd_clientes,valor_total,pct_clientes
Boomers (1946-1964),320,349417.93,9.08316775475447
Gen X (1965-1980),1141,1372549.31,32.38717002554641
Gen Z (1997-2012),376,302326.37,10.672722111836503
Millennials (1981-1996),1674,1604247.79,47.51632131705932
Silent (antes 1946),12,37566.090000000004,0.34061879080329266
