total_clientes,qtd_high_spenders,threshold,pct_hs
482,49,1375.559000000001,10.16597510373444
