faixa_etaria,qtd_clientes,valor_total,pct_clientes
Boomers (1946-1964),5,1883.1499999999999,1.7482517482517483
Gen X (1965-1980),59,27569.05,20.62937062937063
Gen Z (1997-2012),44,19956.5,15.384615384615385
Millennials (1981-1996),178,97106.41,62.23776223776224
