faixa_etaria,qtd_clientes,valor_total,pct_clientes
16-24 (Gen Z),18,11315.01,6.293706293706294
25-39 (Millennials),148,73348.24,51.74825174825175
40-54 (Gen X),106,56136.46,37.06293706293706
55-69 (Boomers),14,5715.4,4.895104895104895
