genero,qtd_clientes,valor_total,pct_clientes
Feminino,363,219653.77,75.31120331950207
Masculino,118,74451.67,24.481327800829874
Outro,1,55.0,0.2074688796680498
