genero,qtd_clientes,valor_total,pct_clientes
Feminino,212,109561.77,74.12587412587412
Masculino,72,35546.57,25.174825174825177
Outro,2,1406.77,0.6993006993006993
