loja,valor,clientes
Magazine Luiza,17285.46,7
Atacadão,15339.5,64
Havan,13240.0,57
Samsung,9058.0,1
Pittol,8959.85,24
Riachuelo,8187.27,36
Kalunga,7818.48,36
Renner,7061.92,33
JCanedo,5728.38,3
Centauro,4676.3,19
Idéli.oui,4588.6900000000005,12
Cobasi,3565.03,21
Livrarias Catarinense,3513.7000000000003,20
Lojas Americanas,2498.54,38
Burger King,2045.7,29
Paquetá,1849.92,7
Boiko Joalheiros,1799.0,2
Superlegal Brinquedos,1713.8500000000001,12
Kfc,1621.9,24
Brando Bike,1588.0,2
