shopping_principal,qtd_clientes,valor_total,ticket_medio,vip_hist,premium_hist,potencial_hist,pontual_hist,vip_periodo,premium_periodo,potencial_periodo,pontual_periodo,high_spenders,pct_valor
Balneário Shopping,1980,2974483.28,421.7362671244276,823,336,385,436,432,465,452,631,309,24.61
Neumarkt Shopping,2284,2704596.93,389.06895687649796,907,429,452,496,372,453,518,941,244,22.37
Garten Shopping,2351,2540612.35,425.54047193333906,705,449,561,636,293,418,591,1049,195,21.02
Continente Shopping,2277,2415672.75,343.1258544421389,650,392,548,687,302,427,513,1035,190,19.98
Norte Shopping,715,768694.23,488.2550210228565,217,126,161,211,101,137,174,303,58,6.36
Nações Shopping,812,684644.23,271.72769240366773,211,114,174,313,73,120,195,424,46,5.66
