shopping_principal,qtd_clientes,valor_total,ticket_medio,vip_hist,vip_valor_hist,vip_ticket_hist,premium_hist,premium_valor_hist,premium_ticket_hist,potencial_hist,potencial_valor_hist,potencial_ticket_hist,pontual_hist,pontual_valor_hist,pontual_ticket_hist,vip_periodo,vip_valor_periodo,vip_ticket_periodo,premium_periodo,premium_valor_periodo,premium_ticket_periodo,potencial_periodo,potencial_valor_periodo,potencial_ticket_periodo,pontual_periodo,pontual_valor_periodo,pontual_ticket_periodo,high_spenders,pct_valor
Balneário Shopping,1980,2974483.28,1502.2642828282828,823,1959799.64,2381.2875334143378,336,452228.32,1345.9176190476192,385,382478.97000000003,993.4518701298703,436,179976.35,412.78979357798164,432,1813141.03,4197.085717592593,465,663498.41,1426.8783010752688,452,332224.65,735.0102876106196,631,165619.19,262.4709825673534,309,24.61
Neumarkt Shopping,2284,2704596.93,1184.14926882662,907,1714216.66,1889.9852921719955,429,461868.62,1076.6168298368298,452,350965.08,776.4714159292035,496,177546.57,357.95679435483873,372,1470127.09,3951.954543010753,453,632100.09,1395.3644370860927,518,372985.88,720.0499613899614,941,229383.87,243.76606801275238,244,22.37
Garten Shopping,2351,2540612.35,1080.651786473841,705,1391577.17,1973.8683262411346,449,496781.01,1106.4165033407573,561,426215.71,759.742798573975,636,226038.46,355.40638364779875,293,1278412.68,4363.183208191126,418,579089.26,1385.381004784689,591,423937.87,717.3229610829103,1049,259172.54,247.06629170638703,195,21.02
Continente Shopping,2277,2415672.75,1060.9015151515152,650,1245270.45,1915.8006923076923,392,473753.55,1208.554974489796,548,437078.65,797.5887773722628,687,259570.1,377.83129548762736,302,1197720.94,3965.9633774834433,427,591130.31,1384.380117096019,513,365280.8,712.048343079922,1035,261540.7,252.69632850241547,190,19.98
Norte Shopping,715,768694.23,1075.0968251748252,217,382509.72,1762.7176036866358,126,156945.7,1245.6007936507938,161,151004.09,937.913602484472,211,78234.72,370.780663507109,101,381586.32,3778.082376237624,137,191550.85,1398.181386861314,174,124340.64,714.6013793103448,303,71216.42,235.0376897689769,58,6.36
Nações Shopping,812,684644.23,843.1579187192118,211,354807.76,1681.55336492891,114,105791.15,927.9925438596491,174,122116.44,701.8186206896552,313,101928.88,325.651373801917,73,286705.58,3927.4736986301373,120,161785.63,1348.2135833333334,195,138582.96,710.6818461538461,424,97570.06,230.11806603773584,46,5.66
