shopping_principal,qtd_clientes,valor_total,ticket_medio,clientes_vip_historico,clientes_vip_periodo,high_spenders,pct_valor
Balneário Shopping,1980,2974483.28,421.7362671244276,823,432,309,24.61
Neumarkt Shopping,2284,2704596.93,389.06895687649796,907,372,244,22.37
Garten Shopping,2351,2540612.35,425.54047193333906,705,293,195,21.02
Continente Shopping,2277,2415672.75,343.1258544421389,650,302,190,19.98
Norte Shopping,715,768694.23,488.2550210228565,217,101,58,6.36
Nações Shopping,812,684644.23,271.72769240366773,211,73,46,5.66
