perfil_cliente,qtd_clientes,valor_total,ticket_medio,frequencia_media,pct_clientes,pct_valor
VIP,1573,6427693.64,1188.773587244988,9.690400508582327,15.1,53.17
Premium,2020,2819154.55,421.29827493830027,6.178217821782178,19.39,23.32
Potencial,2443,1757352.8,291.18433873419474,4.035202619729841,23.45,14.54
Pontual,4383,1084502.78,146.66507988046283,2.1870864704540267,42.07,8.97
