total_clientes,qtd_high_spenders,threshold,pct_hs
485,49,1389.8600000000001,10.103092783505154
