genero,qtd_clientes,valor_total,pct_clientes
Feminino,343,232043.61000000002,70.72164948453609
Masculino,140,90850.99,28.865979381443296
Nao Informado,1,302.92,0.2061855670103093
Outro,1,6.99,0.2061855670103093
