faixa_etaria,qtd_clientes,valor_total,pct_clientes
Boomers (1946-1964),16,12090.99,3.99002493765586
Gen X (1965-1980),118,136356.4,29.42643391521197
Gen Z (1997-2012),47,47471.29,11.72069825436409
Millennials (1981-1996),220,214864.37,54.862842892768086
