genero,qtd_clientes,valor_total,pct_clientes
Feminino,2710,2452138.38,60.11535048802129
Masculino,1793,1940567.86,39.773735581188994
Outro,5,3103.34,0.11091393078970718
