faixa_etaria,qtd_clientes,valor_total,pct_clientes
16-24 (Gen Z),552,525636.5,6.018972849198561
25-39 (Millennials),3576,3909968.44,38.9924762839385
40-54 (Gen X),3815,4903044.7,41.59851706466034
55-69 (Boomers),1061,1373854.94,11.56907643659361
70+ (Silent),162,416879.86,1.7664376840039255
Nao Informado,5,8088.08,0.05451968160505943
