faixa_etaria,qtd_clientes,valor_total,pct_clientes
Boomers (1946-1964),609,1030502.66,6.640497219496239
Gen X (1965-1980),2735,3430445.28,29.822265837967503
Gen Z (1997-2012),1286,1180465.59,14.022462108821285
Millennials (1981-1996),4520,5478539.98,49.28579217097372
Nao Informado,3,1918.63,0.03271180896303566
Silent (antes 1946),18,15600.38,0.19627085377821393
