faixa_etaria,qtd_clientes,valor_total,pct_clientes
16-24 (Gen Z),1,43.0,1.6129032258064515
25-39 (Millennials),27,12345.48,43.54838709677419
40-54 (Gen X),27,10420.16,43.54838709677419
55-69 (Boomers),7,3511.06,11.29032258064516
