genero,qtd_clientes,valor_total,pct_clientes
Feminino,35,11720.66,56.451612903225815
Masculino,27,14599.039999999999,43.54838709677419
