perfil_cliente,qtd_clientes,valor_total,ticket_medio,frequencia_media,pct_clientes,pct_valor
VIP,2920,49328764.75,286.73284160384287,6.0113013698630136,46.13,88.65
Premium,1097,4005094.44,249.47603820745218,4.65542388331814,17.33,7.2
Potencial,1026,1742063.74,226.9165905042019,3.5994152046783627,16.21,3.13
Pontual,1287,567577.85,144.04142253246624,2.4832944832944834,20.33,1.02
