shopping_principal,qtd_clientes,valor_total,ticket_medio,vip_hist,premium_hist,potencial_hist,pontual_hist,vip_periodo,premium_periodo,potencial_periodo,pontual_periodo,high_spenders,pct_valor
Neumarkt Shopping,1455,1285781.82,250.2520593310235,731,238,226,260,151,236,339,729,158,23.44
Balneário Shopping,1014,1203007.18,355.04583417051157,590,126,132,166,155,179,202,478,162,21.94
Continente Shopping,1301,1014879.28,181.5549568687646,608,229,226,238,109,161,265,766,112,18.51
Norte Shopping,977,719567.8,258.5549340648929,280,234,181,282,75,132,236,534,79,13.12
Garten Shopping,781,655967.71,200.54594192866548,455,117,96,113,66,133,170,412,69,11.96
Nações Shopping,802,605076.05,198.9552017006266,256,153,165,228,49,99,137,517,53,11.03
