shopping_principal,qtd_clientes,valor_total,ticket_medio,vip_hist,vip_valor_hist,vip_ticket_hist,premium_hist,premium_valor_hist,premium_ticket_hist,potencial_hist,potencial_valor_hist,potencial_ticket_hist,pontual_hist,pontual_valor_hist,pontual_ticket_hist,vip_periodo,vip_valor_periodo,vip_ticket_periodo,premium_periodo,premium_valor_periodo,premium_ticket_periodo,potencial_periodo,potencial_valor_periodo,potencial_ticket_periodo,pontual_periodo,pontual_valor_periodo,pontual_ticket_periodo,high_spenders,pct_valor
Neumarkt Shopping,1455,1285781.82,250.2520593310235,731,898122.67,279.05581389694333,238,180270.42,266.2290875752593,226,129446.84,235.93589468473172,260,77941.89,167.0881204858176,151,539246.43,704.6036008276322,236,330946.49,375.8862105710837,339,239423.24,236.27230470175854,729,176165.66,121.97002141700254,158,23.44
Balneário Shopping,1014,1203007.18,355.04583417051157,590,1017652.61,447.23672197039855,126,75768.4,292.6469931829634,132,69184.51,248.53862343128253,166,40401.66,159.43488224325876,155,701835.35,1028.3463208591852,179,250503.84,446.5000762690005,202,143742.67,285.16613959257916,478,106925.32,131.99941896626154,162,21.94
Continente Shopping,1301,1014879.28,181.5549568687646,608,690831.73,206.680518749857,229,170596.21,214.86140924088014,226,104032.7,180.58411475047814,238,49418.64,86.24357494361381,109,452092.02999999997,635.6420608243836,161,221289.95,311.7375651017092,265,191572.49,196.80064955196502,766,149924.81,84.30299496574284,112,18.51
Norte Shopping,977,719567.8,258.5549340648929,280,298431.96,287.96628294545803,234,213949.96,312.1026384972502,181,116488.63,278.09105297794594,282,90697.25,172.3798346074729,75,248359.93,1028.79767764615,132,177945.69,372.4586751430586,236,166712.66,265.9571915629098,534,126549.52,118.94738282810614,79,13.12
Garten Shopping,781,655967.71,200.54594192866548,455,497894.55,224.96348007609222,117,73469.65,195.11219899037056,96,53393.83,170.18260407763532,113,31209.68,133.64902600300388,66,251436.54,600.4690851585785,133,190513.26,288.143626761005,170,120758.73,197.23090382981107,412,93259.18,109.57054615422334,69,11.96
Nações Shopping,802,605076.05,198.9552017006266,256,372310.71,237.3036464951454,153,98766.56,185.46250015175457,165,78217.66,237.5987324337165,228,55781.12,136.9858986244019,49,258383.07,604.2108246720047,99,133868.53,348.2207408151137,137,99151.3,237.22105836307315,517,113673.15,121.82321667028437,53,11.03
