perfil_cliente,qtd_clientes,valor_total,ticket_medio,frequencia_media,pct_clientes,pct_valor
VIP,605,2451353.35,795.8197089931564,10.479338842975206,9.56,44.7
Premium,940,1305067.76,362.53607249691026,7.477659574468085,14.85,23.8
Potencial,1349,961361.09,236.20939916866084,5.183098591549296,21.31,17.53
Pontual,3436,766497.64,112.98938663763464,2.6740395809080324,54.28,13.98
