shopping_principal,qtd_clientes,valor_total,ticket_medio,clientes_vip_historico,clientes_vip_periodo,high_spenders,pct_valor
Neumarkt Shopping,1455,1285781.82,250.2520593310235,731,151,158,23.44
Balneário Shopping,1014,1203007.18,355.04583417051157,590,155,162,21.94
Continente Shopping,1301,1014879.28,181.5549568687646,608,109,112,18.51
Norte Shopping,977,719567.8,258.5549340648929,280,75,79,13.12
Garten Shopping,781,655967.71,200.54594192866548,455,66,69,11.96
Nações Shopping,802,605076.05,198.9552017006266,256,49,53,11.03
