total_clientes,qtd_high_spenders,threshold,pct_hs
155,16,1244.1199999999997,10.32258064516129
