genero,qtd_clientes,valor_total,pct_clientes
Feminino,119,68350.98,76.77419354838709
Masculino,36,19167.59,23.225806451612904
