faixa_etaria,qtd_clientes,valor_total,pct_clientes
Boomers (1946-1964),1,134.98,0.6451612903225806
Gen X (1965-1980),31,30921.96,20.0
Gen Z (1997-2012),40,11489.08,25.806451612903224
Millennials (1981-1996),83,44972.55,53.5483870967742
