total_clientes,qtd_high_spenders,threshold,pct_hs
2368,237,2313.1530000000016,10.008445945945946
