genero,qtd_hs,valor_total,ticket_medio,pct_hs
Feminino,941,5402376.88,5741.101891604676,74.6233148295004
Masculino,317,1930390.88,6089.561135646687,25.13877874702617
Nao Informado,1,5790.45,5790.45,0.07930214115781126
Outro,2,8261.69,4130.845,0.1586042823156225
