faixa_etaria,qtd_hs,valor_total,ticket_medio,pct_hs
16-24 (Gen Z),96,542231.39,5648.243645833333,7.613005551149881
25-39 (Millennials),509,2882228.39,5662.531218074657,40.36478984932593
40-54 (Gen X),561,3252364.49,5797.441158645277,44.488501189532116
55-69 (Boomers),80,574741.19,7184.264874999999,6.3441712926249005
70+ (Silent),11,68107.8,6191.618181818182,0.8723235527359239
Nao Informado,4,27146.64,6786.66,0.317208564631245
