faixa_etaria,Feminino,Masculino,Nao Informado,Outro
16-24 (Gen Z),964.7410591603053,1024.3156639566396,1191.7,569.5916666666667
25-39 (Millennials),1170.548302989436,1093.795484064943,291.8725,1172.5473333333332
40-54 (Gen X),1584.141134122288,1353.7068042939718,0.0,424.4
55-69 (Boomers),1766.2394212962963,1412.1131182795698,0.0,0.0
70+ (Silent),1752.2058,1434.4672,0.0,0.0
Nao Informado,581.092380952381,1275.0368181818183,700.472,0.0
