loja,valor,clientes
Atacadão,85441.31,275
Havan,85409.69,216
Pittol,43211.48,126
Centauro,31452.79,78
Renner,30893.97,105
Riachuelo,25493.9,114
Magazine Luiza,22387.55,12
Casas Bahia,19347.97,17
Empório DuHomem,19186.34,13
Samsung,18860.0,9
Idéli.oui,18808.05,49
Cobasi,14904.67,95
Lojas Americanas,14425.27,151
Superlegal Brinquedos,14173.84,57
Bkko,12195.54,12
Game Mania,12129.400000000001,3
Burger King,9795.5,94
Mc Donalds ,9687.1,94
Lupo,8892.460000000001,23
Kalunga,8367.69,83
