faixa_etaria,qtd_hs,valor_total,ticket_medio,pct_hs
16-24 (Gen Z),398,2562230.34,6437.764673366833,3.976818545163869
25-39 (Millennials),3461,23907977.65,6907.823649234325,34.582334132693845
40-54 (Gen X),4510,32941822.33,7304.173465631929,45.06394884092726
55-69 (Boomers),1393,10985791.01,7886.425707106963,13.918864908073541
70+ (Silent),243,2049460.45,8433.993621399177,2.4280575539568345
Nao Informado,3,80620.6,26873.533333333336,0.029976019184652276
