genero,qtd_hs,valor_total,ticket_medio,pct_hs
Feminino,6753,47716005.95,7065.897519620909,67.47601918465229
Masculino,3250,24788853.59,7627.339566153846,32.474020783373305
Outro,5,23042.84,4608.568,0.04996003197442046
