faixa_etaria,Feminino,Masculino,Nao Informado,Outro
Boomers (1946-1964),1927.7295559463619,1922.3913617502828,687.19,849.4025
Gen X (1965-1980),1912.2136237415643,1746.1543907137063,704.3,648.1666666666666
Gen Z (1997-2012),1210.9919564007423,1201.8711534391534,785.495,875.300909090909
Millennials (1981-1996),1645.5127964363542,1563.096617551718,323.445,1459.5591666666667
Nao Informado,1152.135,1657.5,807.0134285714286,0.0
Silent (antes 1946),1467.3426612903224,1777.3849122807019,0.0,0.0
