shopping_principal,qtd_clientes,valor_total,ticket_medio,clientes_vip_historico,clientes_vip_periodo,high_spenders,pct_valor
Balneário Shopping,1737,1766986.11,623.9991029021992,720,199,186,65.22
Continente Shopping,457,373662.38,624.9463318301168,106,22,22,13.79
Garten Shopping,164,302544.22,1459.7310949812384,48,21,21,11.17
Neumarkt Shopping,180,188997.19,635.6562843624785,78,28,28,6.98
Norte Shopping,61,47598.8,554.0492634660421,19,8,8,1.76
Nações Shopping,66,29544.94,400.7043867243867,8,2,2,1.09
