shopping_principal,qtd_clientes,valor_total,ticket_medio,vip_hist,premium_hist,potencial_hist,pontual_hist,vip_periodo,premium_periodo,potencial_periodo,pontual_periodo,high_spenders,pct_valor
Balneário Shopping,1737,1766986.11,623.9991029021992,720,299,311,407,199,335,481,722,186,65.22
Continente Shopping,457,373662.38,624.9463318301168,106,61,94,196,22,20,102,313,22,13.79
Garten Shopping,164,302544.22,1459.7310949812384,48,37,45,34,21,28,28,87,21,11.17
Neumarkt Shopping,180,188997.19,635.6562843624785,78,28,29,45,28,16,26,110,28,6.98
Norte Shopping,61,47598.8,554.0492634660421,19,6,14,22,8,7,8,38,8,1.76
Nações Shopping,66,29544.94,400.7043867243867,8,13,12,33,2,4,14,46,2,1.09
