perfil_cliente,qtd_clientes,valor_total,ticket_medio,frequencia_media,pct_clientes,pct_valor
VIP,979,18016891.76,983.3369356473321,2.310520939734423,36.74,86.69
Premium,444,1577821.59,619.3257097124193,1.662162162162162,16.66,7.59
Potencial,505,843733.93,596.6074204127556,1.5128712871287129,18.95,4.06
Pontual,737,344256.88,331.8727521375805,1.2483039348710991,27.65,1.66
