perfil_cliente,qtd_clientes,valor_total,ticket_medio,frequencia_media,pct_clientes,pct_valor
VIP,280,1339393.03,2742.3567781881166,3.625,10.51,49.44
Premium,410,575976.76,866.166506028357,2.3902439024390243,15.38,21.26
Potencial,659,469768.43,558.0959861617475,1.6904400606980272,24.73,17.34
Pontual,1316,324195.42,222.47038031914892,1.196808510638298,49.38,11.97
