shopping_principal,qtd_clientes,valor_total,ticket_medio,vip_hist,vip_valor_hist,vip_ticket_hist,premium_hist,premium_valor_hist,premium_ticket_hist,potencial_hist,potencial_valor_hist,potencial_ticket_hist,pontual_hist,pontual_valor_hist,pontual_ticket_hist,vip_periodo,vip_valor_periodo,vip_ticket_periodo,premium_periodo,premium_valor_periodo,premium_ticket_periodo,potencial_periodo,potencial_valor_periodo,potencial_ticket_periodo,pontual_periodo,pontual_valor_periodo,pontual_ticket_periodo,high_spenders,pct_valor
Balneário Shopping,1737,1766986.11,1017.2631606217617,720,1050733.81,1459.352513888889,299,272195.9,910.3541806020067,311,267012.25,858.5602893890675,407,177044.15,434.99791154791154,199,756028.52,3799.1382914572864,335,468089.99,1397.283552238806,481,344208.24,715.6096465696465,722,198659.36,275.1514681440443,186,65.22
Continente Shopping,457,373662.38,817.6419693654267,106,213454.42,2013.7209433962266,61,43560.26,714.1026229508198,94,53145.36,565.3761702127659,196,63502.34,323.9915306122449,22,202432.08000000002,9201.458181818183,20,28017.3,1400.865,102,69619.33,682.5424509803921,313,73593.67,235.12354632587858,22,13.79
Garten Shopping,164,302544.22,1844.7818292682925,48,225207.69,4691.826875,37,38007.35,1027.2256756756756,45,31608.85,702.4188888888889,34,7720.33,227.0685294117647,21,226796.98,10799.856190476192,28,40043.24,1430.1157142857141,28,20685.0,738.75,87,15019.0,172.632183908046,21,11.17
Neumarkt Shopping,180,188997.19,1049.9843888888888,78,131686.78,1688.2920512820513,28,24952.29,891.1532142857143,29,20857.73,719.2320689655172,45,11500.39,255.5642222222222,28,126339.4,4512.121428571429,16,23381.57,1461.348125,26,20048.75,771.1057692307693,110,19227.47,174.79518181818182,28,6.98
Norte Shopping,61,47598.8,780.3081967213116,19,16410.5,863.7105263157895,6,11202.39,1867.0649999999998,14,12792.45,913.7464285714286,22,7193.46,326.97545454545457,8,23124.34,2890.5425,7,10627.63,1518.232857142857,8,6341.55,792.69375,38,7505.28,197.50736842105263,8,1.76
Nações Shopping,66,29544.94,447.65060606060604,8,4900.450000000001,612.5562500000001,13,5654.29,434.9453846153846,12,8036.11,669.6758333333333,33,10954.09,331.9421212121212,2,4671.71,2335.855,4,5817.030000000001,1454.2575000000002,14,8865.56,633.2542857142856,46,10190.64,221.53565217391304,2,1.09
