genero,qtd_clientes,valor_total,pct_clientes
Feminino,802,795062.83,70.91069849690538
Masculino,327,300245.75,28.912466843501328
Outro,2,443.90000000000003,0.17683465959328026
