faixa_etaria,qtd_clientes,valor_total,pct_clientes
16-24 (Gen Z),48,31998.03,4.244031830238726
25-39 (Millennials),373,308744.83,32.97966401414677
40-54 (Gen X),532,523475.51,47.03801945181256
55-69 (Boomers),160,214356.45,14.146772767462423
70+ (Silent),18,17177.66,1.5915119363395225
