genero,qtd_clientes,valor_total,pct_clientes
Feminino,1038,970263.08,68.46965699208444
Masculino,472,553600.53,31.13456464379947
Nao Informado,1,4767.19,0.06596306068601583
Outro,5,4216.0599999999995,0.32981530343007914
