faixa_etaria,qtd_clientes,valor_total,pct_clientes
16-24 (Gen Z),96,93143.53,6.33245382585752
25-39 (Millennials),666,596437.61,43.931398416886545
40-54 (Gen X),586,669622.01,38.65435356200528
55-69 (Boomers),144,144680.03,9.498680738786279
70+ (Silent),23,24196.49,1.517150395778364
Nao Informado,1,4767.19,0.06596306068601583
