faixa_etaria,qtd_clientes,valor_total,pct_clientes
16-24 (Gen Z),17,9926.5,4.116222760290557
25-39 (Millennials),176,196884.18,42.615012106537534
40-54 (Gen X),188,254726.03,45.52058111380145
55-69 (Boomers),29,37510.68,7.021791767554479
70+ (Silent),3,5932.48,0.7263922518159807
