genero,qtd_clientes,valor_total,pct_clientes
Feminino,323,295878.48,75.11627906976744
Masculino,106,83967.74,24.651162790697676
Outro,1,1391.5900000000001,0.23255813953488372
