faixa_etaria,qtd_clientes,valor_total,pct_clientes
Boomers (1946-1964),17,19598.48,4.116222760290557
Gen X (1965-1980),120,164197.22,29.055690072639223
Gen Z (1997-2012),49,40413.09,11.864406779661017
Millennials (1981-1996),226,276268.95,54.72154963680388
Silent (antes 1946),1,4502.13,0.24213075060532688
