total_clientes,qtd_high_spenders,threshold,pct_hs
20019,2002,2963.7400000000002,10.000499525450822
