genero,qtd_clientes,valor_total,pct_clientes
Feminino,7062,7264867.34,62.056239015817226
Masculino,4304,4648067.13,37.8207381370826
Nao Informado,4,5556.64,0.0351493848857645
Outro,10,6892.95,0.08787346221441124
