faixa_etaria,qtd_clientes,valor_total,pct_clientes
16-24 (Gen Z),1590,1480863.58,7.942454668065338
25-39 (Millennials),8148,11134018.82,40.70133373295369
40-54 (Gen X),7681,11991625.59,38.36854987761627
55-69 (Boomers),2307,3850958.54,11.524052150457067
70+ (Silent),285,669740.65,1.4236475348419002
Nao Informado,8,47267.49,0.03996203606573755
