faixa_etaria,qtd_clientes,valor_total,pct_clientes
Boomers (1946-1964),278,305735.98,4.2994123105474795
Gen X (1965-1980),1480,1697493.15,22.888957624497372
Gen Z (1997-2012),1348,1057075.08,20.84751005258274
Millennials (1981-1996),3353,3372622.24,51.8558614290133
Nao Informado,3,2664.77,0.046396535725332505
Silent (antes 1946),4,2654.0699999999997,0.06186204763377668
