total_clientes,qtd_high_spenders,threshold,pct_hs
187,19,2539.0000000000005,10.16042780748663
