faixa_etaria,qtd_clientes,valor_total,pct_clientes
16-24 (Gen Z),4,663.19,2.13903743315508
25-39 (Millennials),67,48949.71,35.82887700534759
40-54 (Gen X),88,102410.72,47.05882352941176
55-69 (Boomers),22,20431.68,11.76470588235294
70+ (Silent),6,10031.48,3.2085561497326207
