genero,qtd_clientes,valor_total,pct_clientes
Feminino,135,120672.14,72.19251336898395
Masculino,51,61402.54,27.27272727272727
Nao Informado,1,412.1,0.53475935828877
