faixa_etaria,qtd_clientes,valor_total,pct_clientes
16-24 (Gen Z),454,481671.91,5.355668278872242
25-39 (Millennials),3313,4264958.75,39.082222484369474
40-54 (Gen X),3275,4913455.1,38.63395069010263
55-69 (Boomers),1166,1725798.65,13.75486610829303
70+ (Silent),266,378272.61,3.137902559867878
Nao Informado,3,772.84,0.0353898784947505
