genero,qtd_clientes,valor_total,pct_clientes
Feminino,4223,4398310.49,62.67438409023449
Masculino,2504,2927905.41,37.16236271890769
Nao Informado,1,380.0,0.014841199168892847
Outro,10,4027.84,0.14841199168892846
