genero,qtd_clientes,valor_total,pct_clientes
Feminino,5704,7793606.66,67.28795564468561
Masculino,2764,3961927.61,32.60587471983013
Outro,9,9395.59,0.1061696354842515
