total_clientes,qtd_high_spenders,threshold,pct_hs
813,82,1614.7980000000005,10.08610086100861
