total_clientes,qtd_high_spenders,threshold,pct_hs
1629,163,1469.9240000000002,10.006138735420503
