total_clientes,qtd_high_spenders,threshold,pct_hs
543,55,2266.6180000000013,10.128913443830571
