faixa_etaria,qtd_clientes,valor_total,pct_clientes
16-24 (Gen Z),63,26398.74,8.24607329842932
25-39 (Millennials),359,178450.61,46.989528795811516
40-54 (Gen X),305,215117.0,39.92146596858639
55-69 (Boomers),27,10524.18,3.5340314136125657
70+ (Silent),5,4337.71,0.6544502617801047
Nao Informado,5,309.75,0.6544502617801047
