total_clientes,qtd_high_spenders,threshold,pct_hs
573,58,1618.800000000003,10.12216404886562
