faixa_etaria,qtd_clientes,valor_total,pct_clientes
16-24 (Gen Z),10,5546.16,7.246376811594203
25-39 (Millennials),49,41509.03,35.507246376811594
40-54 (Gen X),56,34135.09,40.57971014492754
55-69 (Boomers),17,7693.61,12.318840579710146
70+ (Silent),5,1141.26,3.6231884057971016
Nao Informado,1,69.47,0.7246376811594203
