genero,qtd_clientes,valor_total,pct_clientes
Feminino,447,360380.72,78.01047120418848
Masculino,125,91082.1,21.81500872600349
Outro,1,258.0,0.17452006980802792
