total_clientes,qtd_high_spenders,threshold,pct_hs
904,91,1858.2170000000006,10.06637168141593
