faixa_etaria,qtd_clientes,valor_total,pct_clientes
16-24 (Gen Z),105,81331.06,4.563233376792699
25-39 (Millennials),916,794264.76,39.80877879182964
40-54 (Gen X),999,1148605.11,43.41590612777054
55-69 (Boomers),246,314251.22,10.691003911342895
70+ (Silent),33,28596.0,1.4341590612777053
Nao Informado,2,1078.96,0.0869187309865276
