total_clientes,qtd_high_spenders,threshold,pct_hs
6215,622,2337.8020000000015,10.00804505229284
