faixa_etaria,qtd_clientes,valor_total,pct_clientes
16-24 (Gen Z),435,310631.47000000003,6.999195494770715
25-39 (Millennials),2386,2287086.21,38.39098954143202
40-54 (Gen X),2433,2942281.9,39.147224456958966
55-69 (Boomers),825,1198923.24,13.274336283185843
70+ (Silent),129,292143.08999999997,2.075623491552695
Nao Informado,7,3861.17,0.11263073209975866
