total_clientes,qtd_high_spenders,threshold,pct_hs
9227,923,2137.4179999999997,10.003251327625447
