genero,qtd_clientes,valor_total,pct_clientes
Feminino,5768,5851414.73,62.51219247859543
Masculino,3452,3794194.19,37.411943210144145
Outro,7,4224.03,0.07586431126043133
