faixa_etaria,qtd_clientes,valor_total,pct_clientes
Boomers (1946-1964),655,712545.42,7.0987319822260755
Gen X (1965-1980),2673,2987589.0,28.969329142733287
Gen Z (1997-2012),1249,1071854.1,13.536360680611251
Millennials (1981-1996),4636,4852725.22,50.24384957190853
Silent (antes 1946),14,25119.21,0.15172862252086267
