faixa_etaria,qtd_clientes,valor_total,pct_clientes
Boomers (1946-1964),2154,4020835.17,10.30622009569378
Gen X (1965-1980),6831,13685470.79,32.68421052631579
Gen Z (1997-2012),2563,2805174.43,12.263157894736842
Millennials (1981-1996),9274,14930784.92,44.37320574162679
Nao Informado,2,397.51,0.009569377990430622
Silent (antes 1946),76,117470.91,0.36363636363636365
