faixa_etaria,qtd_clientes,valor_total,pct_clientes
Boomers (1946-1964),45,55966.85,4.518072289156627
Gen X (1965-1980),213,214115.88999999998,21.385542168674696
Gen Z (1997-2012),200,144288.73,20.080321285140563
Millennials (1981-1996),535,423069.47,53.714859437751
Nao Informado,1,1614.05,0.1004016064257028
Silent (antes 1946),2,3485.39,0.2008032128514056
