shopping_principal,qtd_clientes,valor_total,ticket_medio,vip_hist,premium_hist,potencial_hist,pontual_hist,vip_periodo,premium_periodo,potencial_periodo,pontual_periodo,high_spenders,pct_valor
Balneário Shopping,1049,1214411.84,333.2370520544932,595,153,159,142,170,197,240,442,174,26.1
Neumarkt Shopping,1168,1046297.88,223.28176043696732,665,183,172,148,120,225,269,554,122,22.49
Continente Shopping,1175,927925.6900000001,214.06674954763918,577,195,207,196,98,166,260,651,100,19.94
Garten Shopping,781,604217.99,213.66410718604678,477,131,99,74,60,133,180,408,62,12.99
Nações Shopping,699,511048.02,208.70571093055042,275,136,159,129,50,106,156,387,51,10.98
Norte Shopping,539,349187.95,199.66662774900976,211,116,99,113,32,66,132,309,33,7.5
