perfil_cliente,qtd_clientes,valor_total,ticket_medio,frequencia_media,pct_clientes,pct_valor
VIP,530,1918683.8,729.5480788853631,10.581132075471698,9.79,41.23
Premium,893,1251179.65,334.6868341790315,7.763717805151176,16.5,26.89
Potencial,1237,886854.63,240.93625491882935,5.188358932902183,22.86,19.06
Pontual,2751,596371.29,108.57524335070202,2.6463104325699747,50.84,12.82
