perfil_cliente,qtd_clientes,valor_total,ticket_medio,frequencia_media,pct_clientes,pct_valor
VIP,2800,47282613.43,273.53908289973,5.967142857142857,51.75,89.97
Premium,914,3387752.75,235.3984350069136,4.5,16.89,6.45
Potencial,895,1510879.12,216.78766704460904,3.660335195530726,16.54,2.88
Pontual,802,370566.59,133.63578903117525,2.6708229426433916,14.82,0.71
