shopping_principal,qtd_clientes,valor_total,ticket_medio,vip_hist,vip_valor_hist,vip_ticket_hist,premium_hist,premium_valor_hist,premium_ticket_hist,potencial_hist,potencial_valor_hist,potencial_ticket_hist,pontual_hist,pontual_valor_hist,pontual_ticket_hist,vip_periodo,vip_valor_periodo,vip_ticket_periodo,premium_periodo,premium_valor_periodo,premium_ticket_periodo,potencial_periodo,potencial_valor_periodo,potencial_ticket_periodo,pontual_periodo,pontual_valor_periodo,pontual_ticket_periodo,high_spenders,pct_valor
Balneário Shopping,1049,1214411.84,1157.6852621544328,595,951448.65,1599.073361344538,153,129556.5,846.7745098039215,159,92697.69,583.0043396226415,142,40709.0,286.6830985915493,170,664842.72,3910.8395294117645,197,278809.24,1415.2753299492385,240,173095.23,721.230125,442,97664.65,220.96074660633482,174,26.1
Neumarkt Shopping,1168,1046297.88,895.8029794520548,665,770106.84,1158.0553984962405,183,134200.46,733.3358469945355,172,96172.09,559.1400581395349,148,45818.49,309.58439189189187,120,403756.52,3364.637666666667,225,319957.24,1422.0321777777776,269,197512.81,734.2483643122677,554,125071.31,225.76048736462093,122,22.49
Continente Shopping,1175,927925.6900000001,789.7239914893618,577,653024.94,1131.7589948006932,195,115279.01,591.1744102564103,207,111244.81999999999,537.4145893719807,196,48376.92,246.82102040816326,98,376963.95,3846.570918367347,166,231367.6,1393.7807228915663,260,185292.73,712.6643461538462,651,134301.41,206.30016897081413,100,19.94
Garten Shopping,781,604217.99,773.6465941101152,477,469238.85,983.7292452830188,131,71832.28,548.3380152671756,99,45549.19,460.0928282828283,74,17597.67,237.80635135135134,60,196464.93,3274.4155,133,185658.28,1395.9269172932331,180,129355.08,718.6393333333333,408,92739.7,227.30318627450978,62,12.99
Nações Shopping,699,511048.02,731.1130472103005,275,283752.67,1031.827890909091,136,112915.13,830.2583088235294,159,82427.08,518.4093081761007,129,31953.14,247.69875968992247,50,176179.74,3523.5948,106,145904.7,1376.4594339622643,156,107704.32,690.4123076923078,387,81259.26,209.9722480620155,51,10.98
Norte Shopping,539,349187.95,647.8440630797774,211,195386.97,926.0045971563981,116,75548.81,651.2828448275861,99,47546.6,480.26868686868687,113,30705.57,271.7307079646018,32,100475.94,3139.873125,66,89482.59,1355.796818181818,132,93894.46,711.3216666666667,309,65334.96,211.44,33,7.5
