shopping_principal,qtd_clientes,valor_total,ticket_medio,clientes_vip_historico,clientes_vip_periodo,high_spenders,pct_valor
Balneário Shopping,1049,1214411.84,333.2370520544932,595,170,174,26.1
Neumarkt Shopping,1168,1046297.88,223.28176043696732,665,120,122,22.49
Continente Shopping,1175,927925.6900000001,214.06674954763918,577,98,100,19.94
Garten Shopping,781,604217.99,213.66410718604678,477,60,62,12.99
Nações Shopping,699,511048.02,208.70571093055042,275,50,51,10.98
Norte Shopping,539,349187.95,199.66662774900976,211,32,33,7.5
