total_clientes,qtd_high_spenders,threshold,pct_hs
1584,159,2000.349000000001,10.037878787878787
