faixa_etaria,qtd_clientes,valor_total,pct_clientes
16-24 (Gen Z),151,101918.66,9.532828282828284
25-39 (Millennials),694,527041.14,43.813131313131315
40-54 (Gen X),614,608766.87,38.76262626262626
55-69 (Boomers),102,132594.9,6.4393939393939394
70+ (Silent),14,9962.85,0.8838383838383838
Nao Informado,9,4873.39,0.5681818181818182
