genero,qtd_clientes,valor_total,pct_clientes
Feminino,314,332661.46,78.30423940149626
Masculino,86,78074.61,21.44638403990025
Nao Informado,1,46.98,0.24937655860349126
