faixa_etaria,qtd_clientes,valor_total,pct_clientes
16-24 (Gen Z),17,18981.94,4.239401496259352
25-39 (Millennials),179,158188.45,44.63840399002494
40-54 (Gen X),167,190374.84,41.64588528678304
55-69 (Boomers),36,40837.45,8.977556109725686
70+ (Silent),2,2400.37,0.4987531172069825
