total_clientes,qtd_high_spenders,threshold,pct_hs
3354,336,1677.7480000000003,10.01788908765653
