faixa_etaria,qtd_clientes,valor_total,pct_clientes
16-24 (Gen Z),222,138641.95,6.618962432915922
25-39 (Millennials),1513,1133961.02,45.1103160405486
40-54 (Gen X),1230,1081887.73,36.67262969588551
55-69 (Boomers),349,328642.86,10.405485986881335
70+ (Silent),39,40619.24,1.1627906976744187
Nao Informado,1,404.7,0.02981514609421586
