total_clientes,qtd_high_spenders,threshold,pct_hs
14089,1409,2548.830000000001,10.000709773582226
