faixa_etaria,qtd_clientes,valor_total,pct_clientes
Boomers (1946-1964),1013,1251573.31,7.1900063879622405
Gen X (1965-1980),4028,5162440.06,28.589679892114418
Gen Z (1997-2012),1928,1914316.61,13.684434665341755
Millennials (1981-1996),7069,8722014.51,50.17389452764568
Nao Informado,26,18615.16,0.18454113137909006
Silent (antes 1946),25,35568.21,0.17744339555681737
