faixa_etaria,qtd_clientes,valor_total,pct_clientes
16-24 (Gen Z),861,840232.12,6.111150542976791
25-39 (Millennials),5602,6539257.1,39.76151607637164
40-54 (Gen X),5626,7148075.38,39.931861736106185
55-69 (Boomers),1706,2190314.56,12.108737312797217
70+ (Silent),264,366346.09,1.8738022570799915
Nao Informado,30,20302.61,0.21293207466818084
