genero,qtd_clientes,valor_total,ticket_medio,freq_media,idade_media,qtd_high_spenders,pct_clientes,pct_valor,shopping,sigla
Feminino,30588,61263388.23,2002.856944880345,7.045508042369557,41.36671026814912,3264,61.22130376478594,62.428965744007755,Garten Shopping,GS
Masculino,19301,36773520.05,1905.265014766074,4.561525309569452,41.48045214144975,1730,38.63058663410924,37.47316121121485,Garten Shopping,GS
Nao Informado,27,23277.18,862.1177777777777,2.5185185185185186,57.0,0,0.054039989592298304,0.023720044137642084,Garten Shopping,GS
Outro,47,72768.53,1548.266595744681,6.0212765957446805,33.06382978723404,3,0.09406961151251926,0.07415300063973952,Garten Shopping,GS
