perfil_cliente,qtd_clientes,valor_total,ticket_medio,frequencia_media,pct_clientes,pct_valor
VIP,13364,165640135.87,1104.1553018838886,7.980619574977552,18.51,65.65
Premium,11640,41392265.99,718.6039320175844,4.236426116838488,16.12,16.4
Potencial,18741,30564735.37,523.1294959461227,3.1804065951656795,25.95,12.11
Pontual,28469,14726600.13,310.6744323401209,1.993326073975201,39.42,5.84
