shopping_principal,qtd_clientes,valor_total,ticket_medio,clientes_vip_historico,clientes_vip_periodo,high_spenders,pct_valor
Balneário Shopping,18317,33681243.77,672.7080009179175,4119,4593,2630,32.17
Garten Shopping,14061,19373991.0,584.5739387643063,2430,2285,1208,18.5
Neumarkt Shopping,12157,18875102.19,566.3934033077599,3135,2468,1405,18.03
Continente Shopping,13959,17095814.5,492.7395455508494,2035,2096,1048,16.33
Nações Shopping,7860,8532170.35,445.8714378615249,812,1041,470,8.15
Norte Shopping,5860,7145068.15,675.5988896162844,833,886,461,6.82
