perfil_cliente,qtd_clientes,valor_total,ticket_medio,frequencia_media,pct_clientes,pct_valor
VIP,13369,61461262.48,1511.0895521221273,7.759742688308774,18.51,58.7
Premium,15405,21801220.87,566.271790295,4.430639402791302,21.33,20.82
Potencial,19507,14232530.88,395.1588351414637,2.8796842159224894,27.01,13.59
Pontual,23933,7208375.73,214.5784052128206,1.844691430242761,33.14,6.88
