shopping_principal,qtd_clientes,valor_total,ticket_medio,vip_hist,premium_hist,potencial_hist,pontual_hist,vip_periodo,premium_periodo,potencial_periodo,pontual_periodo,high_spenders,pct_valor
Balneário Shopping,18317,33681243.77,672.7080009179175,4119,3159,4602,6437,4593,4258,4673,4793,2630,32.17
Garten Shopping,14061,19373991.0,584.5739387643063,2430,2216,3791,5624,2285,3029,3904,4843,1208,18.5
Neumarkt Shopping,12157,18875102.19,566.3934033077599,3135,2145,2967,3910,2468,2567,3184,3938,1405,18.03
Continente Shopping,13959,17095814.5,492.7395455508494,2035,2107,3746,6071,2096,2928,3993,4942,1048,16.33
Nações Shopping,7860,8532170.35,445.8714378615249,812,1061,2102,3885,1041,1522,2135,3162,470,8.15
Norte Shopping,5860,7145068.15,675.5988896162844,833,952,1533,2542,886,1101,1618,2255,461,6.82
