genero,qtd_clientes,valor_total,pct_clientes
Feminino,16861,31888216.32,66.77359312502476
Masculino,8369,14844784.12,33.14324185180785
Outro,21,20660.78,0.08316502316739931
