faixa_etaria,qtd_clientes,valor_total,pct_clientes
16-24 (Gen Z),1467,1929735.08,5.8096709041226084
25-39 (Millennials),9619,16118745.71,38.09354084986733
40-54 (Gen X),9805,20192355.11,38.830145340778586
55-69 (Boomers),3574,7103892.22,14.153894895251673
70+ (Silent),781,1405412.8,3.092946813987565
Nao Informado,5,3520.3,0.01980119599223793
