faixa_etaria,qtd_hs,valor_total,ticket_medio,pct_hs
16-24 (Gen Z),37,141330.2,3819.7351351351354,6.839186691312385
25-39 (Millennials),210,780611.84,3717.199238095238,38.817005545286506
40-54 (Gen X),263,901228.22,3426.723269961977,48.613678373382626
55-69 (Boomers),28,111736.25,3990.5803571428573,5.175600739371535
70+ (Silent),3,12413.15,4137.716666666666,0.5545286506469501
