genero,qtd_hs,valor_total,ticket_medio,pct_hs
Feminino,403,1441723.58,3577.477866004963,74.4916820702403
Masculino,137,503184.27,3672.877883211679,25.32347504621072
Outro,1,2411.81,2411.81,0.18484288354898337
