faixa_etaria,Feminino,Masculino,Nao Informado,Outro
Boomers (1946-1964),918.5453,786.5350000000001,0.0,0.0
Gen X (1965-1980),1033.5645150115474,869.2096666666666,0.0,0.0
Gen Z (1997-2012),688.3798501872659,766.1771167883212,294.8,930.5033333333332
Millennials (1981-1996),866.8031113097899,863.7516010498688,0.0,477.44
Nao Informado,445.0,72.9,413.668125,0.0
Silent (antes 1946),2702.2533333333336,1008.48,0.0,0.0
