faixa_etaria,qtd_clientes,valor_total,pct_clientes
16-24 (Gen Z),2113,2308294.1,7.2086517467248905
25-39 (Millennials),10888,17034495.03,37.14519650655022
40-54 (Gen X),11228,25428092.69,38.305131004366814
55-69 (Boomers),4197,9197136.29,14.318367903930133
70+ (Silent),847,1874054.25,2.8896015283842793
Nao Informado,39,36076.01,0.13305131004366813
