perfil_cliente,qtd_clientes,valor_total,ticket_medio,frequencia_media,pct_clientes,pct_valor
VIP,1090,4454021.05,1533.082009070203,6.374311926605505,11.93,47.78
Premium,1609,2242431.15,472.1566057542728,5.178993163455562,17.62,24.05
Potencial,2194,1572957.47,306.043744450511,3.6390154968094803,24.02,16.87
Pontual,4240,1053229.91,148.14325507472512,2.1596698113207546,46.43,11.3
