shopping_principal,qtd_clientes,valor_total,ticket_medio,vip_hist,vip_valor_hist,vip_ticket_hist,premium_hist,premium_valor_hist,premium_ticket_hist,potencial_hist,potencial_valor_hist,potencial_ticket_hist,pontual_hist,pontual_valor_hist,pontual_ticket_hist,vip_periodo,vip_valor_periodo,vip_ticket_periodo,premium_periodo,premium_valor_periodo,premium_ticket_periodo,potencial_periodo,potencial_valor_periodo,potencial_ticket_periodo,pontual_periodo,pontual_valor_periodo,pontual_ticket_periodo,high_spenders,pct_valor
Balneário Shopping,1725,2261348.13,433.5837748080215,729,1386728.46,508.7823734219488,294,388406.76,454.64841647760784,335,330120.78,438.7375769895113,367,156092.13,262.6319852406903,306,1212740.53,937.0344604058943,409,584537.03,497.5282559567944,420,306066.19,356.5336279031815,590,158004.38,182.99370551520042,263,24.26
Garten Shopping,2139,2096173.3,436.33066995779,637,1100579.41,784.0258871870652,408,420711.42,413.5241938758608,524,373534.68,290.5855681647891,570,201347.79,198.0738668102659,217,986483.25,2281.0983265167024,338,466116.81,402.75360150362957,540,386333.36,284.7105423604151,1044,257239.88,142.18252490683665,181,22.48
Neumarkt Shopping,2019,2076125.34,409.59479303032487,792,1221269.94,534.5137850050634,372,389971.19,452.32243075870633,410,301994.29,336.5288542858903,445,162889.92,218.8678537185661,252,1012119.07,1458.2590943550963,354,493188.4,494.79615899635706,474,340590.91,305.96041925055135,939,230226.96,148.35731239751846,211,22.27
Continente Shopping,1972,1831977.19,364.3265810098567,559,834911.46,482.9279251043799,342,391157.67,481.2281614447317,484,380068.25,352.93861617716595,587,225839.81,192.6626680992205,198,800858.51,1573.1353636625536,335,464413.57,460.10661588514523,448,318255.21,262.43267676064636,991,248449.9,136.49410720076537,167,19.65
Norte Shopping,610,580822.31,518.1816277697885,179,255843.63,697.4129719733063,110,128572.19,718.0236803751804,140,129213.46,486.3333827664399,181,67193.03,244.11377087170044,71,271572.27,2382.516339541523,99,134403.77,550.8999974824558,152,107452.89,340.6170144763647,288,67393.38,141.03905166997353,54,6.23
Nações Shopping,668,476193.31,280.82145656230193,182,221864.47,332.75167195299315,94,77447.71,331.3910970480465,142,88473.78,307.70502993719896,250,88407.35,208.73220525829726,46,170247.41999999998,895.8207447407665,74,99771.57,489.83173387935153,160,114258.91,335.0205913532648,388,91915.41,145.69622629368055,38,5.11
