shopping_principal,qtd_clientes,valor_total,ticket_medio,vip_hist,premium_hist,potencial_hist,pontual_hist,vip_periodo,premium_periodo,potencial_periodo,pontual_periodo,high_spenders,pct_valor
Balneário Shopping,1725,2261348.13,433.5837748080215,729,294,335,367,306,409,420,590,263,24.26
Garten Shopping,2139,2096173.3,436.33066995779,637,408,524,570,217,338,540,1044,181,22.48
Neumarkt Shopping,2019,2076125.34,409.59479303032487,792,372,410,445,252,354,474,939,211,22.27
Continente Shopping,1972,1831977.19,364.3265810098567,559,342,484,587,198,335,448,991,167,19.65
Norte Shopping,610,580822.31,518.1816277697885,179,110,140,181,71,99,152,288,54,6.23
Nações Shopping,668,476193.31,280.82145656230193,182,94,142,250,46,74,160,388,38,5.11
