shopping_principal,qtd_clientes,valor_total,ticket_medio,clientes_vip_historico,clientes_vip_periodo,high_spenders,pct_valor
Balneário Shopping,1725,2261348.13,433.5837748080215,729,306,263,24.26
Garten Shopping,2139,2096173.3,436.33066995779,637,217,181,22.48
Neumarkt Shopping,2019,2076125.34,409.59479303032487,792,252,211,22.27
Continente Shopping,1972,1831977.19,364.3265810098567,559,198,167,19.65
Norte Shopping,610,580822.31,518.1816277697885,179,71,54,6.23
Nações Shopping,668,476193.31,280.82145656230193,182,46,38,5.11
