shopping_principal,qtd_clientes,valor_total,ticket_medio,clientes_vip_historico,clientes_vip_periodo,high_spenders,pct_valor
Norte Shopping,2058,1554921.17,492.9885871869739,333,117,144,37.74
Nações Shopping,992,839753.26,436.1745068215983,224,72,87,20.38
Balneário Shopping,389,564742.9,361.3425338152342,298,81,97,13.71
Neumarkt Shopping,500,487026.48,218.55016744705765,353,46,64,11.82
Garten Shopping,454,339401.34,197.2387011487889,301,43,57,8.24
Continente Shopping,460,333972.25,180.23771006097263,302,24,37,8.11
