shopping_principal,qtd_clientes,valor_total,ticket_medio,vip_hist,vip_valor_hist,vip_ticket_hist,premium_hist,premium_valor_hist,premium_ticket_hist,potencial_hist,potencial_valor_hist,potencial_ticket_hist,pontual_hist,pontual_valor_hist,pontual_ticket_hist,vip_periodo,vip_valor_periodo,vip_ticket_periodo,premium_periodo,premium_valor_periodo,premium_ticket_periodo,potencial_periodo,potencial_valor_periodo,potencial_ticket_periodo,pontual_periodo,pontual_valor_periodo,pontual_ticket_periodo,high_spenders,pct_valor
Norte Shopping,2058,1554921.17,755.5496452866861,333,387377.83,1163.296786786787,270,306571.81,1135.4511481481481,449,368727.51,821.2193986636971,1006,492244.02,489.3081709741551,117,418139.12,3573.8386324786325,219,291693.84,1331.9353424657536,734,520036.46,708.4965395095368,988,325051.75,328.99974696356276,144,37.74
Nações Shopping,992,839753.26,846.5254637096774,224,298314.95,1331.7631696428573,128,124587.68000000001,973.3412500000001,296,253582.23,856.696722972973,344,163268.4,474.6174418604651,72,260208.42,3614.0058333333336,189,253212.12,1339.7466666666667,336,243050.82,723.3655357142858,395,83281.9,210.84025316455694,87,20.38
Balneário Shopping,389,564742.9,1451.781233933162,298,528002.63,1771.8209060402685,39,21071.84,540.3035897435898,20,7153.18,357.659,32,8515.25,266.1015625,81,357927.58,4418.859012345679,74,106331.1,1436.9067567567567,91,67125.91,737.6473626373627,143,33358.31,233.27489510489508,97,13.71
Neumarkt Shopping,500,487026.48,974.05296,353,431938.8,1223.6226628895183,57,29258.22,513.302105263158,44,17965.12,408.2981818181818,46,7864.34,170.96391304347827,46,227851.97,4953.303695652174,80,114431.88,1430.3985,117,87907.93000000001,751.3498290598292,257,56834.7,221.14669260700387,64,11.82
Garten Shopping,454,339401.34,747.5800440528635,301,277753.26,922.7683056478405,55,28114.56,511.1738181818182,42,20870.03,496.9054761904762,56,12663.49,226.13375,43,124275.72,2890.133023255814,57,79068.77,1387.171403508772,112,82031.11,732.420625,242,54025.74,223.24685950413223,57,8.24
Continente Shopping,460,333972.25,726.0266304347826,302,281044.56,930.6111258278146,57,23574.93,413.59526315789475,54,19056.68,352.9014814814815,47,10296.08,219.06553191489363,24,94866.51,3952.77125,73,101760.74,1393.9827397260274,116,84396.21,727.5535344827587,247,52948.79,214.36757085020244,37,8.11
