perfil_cliente,qtd_clientes,valor_total,ticket_medio,frequencia_media,pct_clientes,pct_valor
VIP,1811,33177638.080000002,361.0937936066083,5.522363335173937,37.32,88.17
Premium,606,2188519.82,543.2913875037402,3.036303630363036,12.49,5.82
Potencial,905,1445791.62,459.3394898652254,2.904972375690608,18.65,3.84
Pontual,1531,816913.49,307.4271653482737,2.169170476812541,31.55,2.17
