total_clientes,qtd_high_spenders,threshold,pct_hs
459,46,959.8199999999999,10.021786492374728
