faixa_etaria,qtd_clientes,valor_total,pct_clientes
16-24 (Gen Z),63,55838.25,3.8817005545286505
25-39 (Millennials),602,562580.51,37.09180529882933
40-54 (Gen X),704,707161.77,43.37646333949476
55-69 (Boomers),220,220384.58,13.555144793592113
70+ (Silent),33,24069.989999999998,2.033271719038817
Nao Informado,1,518.5,0.06161429451632779
