genero,qtd_clientes,valor_total,pct_clientes
Feminino,1260,1183433.96,77.63401109057301
Masculino,360,385684.64,22.181146025878004
Nao Informado,2,1177.0,0.12322858903265559
Outro,1,258.0,0.06161429451632779
