faixa_etaria,qtd_clientes,valor_total,pct_clientes
16-24 (Gen Z),34,15930.41,5.792163543441227
25-39 (Millennials),271,167356.4,46.166950596252136
40-54 (Gen X),223,208031.48,37.98977853492334
55-69 (Boomers),54,47486.48,9.19931856899489
70+ (Silent),5,2336.61,0.8517887563884157
