genero,qtd_clientes,valor_total,pct_clientes
Feminino,401,283920.98,68.31345826235093
Masculino,186,157220.4,31.686541737649065
