genero,qtd_hs,valor_total,ticket_medio,pct_hs
Feminino,531,1912752.24,3602.169943502825,72.04884667571235
Masculino,204,806905.43,3955.4187745098043,27.6797829036635
Nao Informado,1,4094.22,4094.22,0.13568521031207598
Outro,1,3085.0,3085.0,0.13568521031207598
