faixa_etaria,qtd_hs,valor_total,ticket_medio,pct_hs
16-24 (Gen Z),64,241150.64,3767.97875,8.683853459972863
25-39 (Millennials),317,1160869.39,3662.048548895899,43.01221166892809
40-54 (Gen X),303,1093975.46,3610.4800660066007,41.11261872455903
55-69 (Boomers),41,185813.88,4532.0458536585365,5.563093622795115
70+ (Silent),8,29130.78,3641.3475,1.0854816824966078
Nao Informado,4,15896.74,3974.185,0.5427408412483039
