faixa_etaria,Feminino,Masculino,Nao Informado,Outro
Boomers (1946-1964),1088.39104,955.0484210526316,0.0,0.0
Gen X (1965-1980),1066.4096541200408,964.8861436170213,0.0,0.0
Gen Z (1997-2012),717.0216155758078,838.9204556354916,896.9,932.0666666666666
Millennials (1981-1996),820.6622826440899,830.1619234275296,236.55,435.52
Nao Informado,869.0,439.65,714.4060000000001,0.0
Silent (antes 1946),882.93,519.42,0.0,0.0
