total_clientes,qtd_high_spenders,threshold,pct_hs
14,2,1068.7010000000007,14.285714285714285
