genero,qtd_clientes,valor_total,pct_clientes
Feminino,9,3690.76,64.28571428571429
Masculino,5,3428.7299999999996,35.714285714285715
