faixa_etaria,qtd_clientes,valor_total,pct_clientes
Boomers (1946-1964),1,645.8800000000001,7.142857142857142
Gen X (1965-1980),4,2188.76,28.57142857142857
Gen Z (1997-2012),1,249.45,7.142857142857142
Millennials (1981-1996),8,4035.3999999999996,57.14285714285714
