total_clientes,qtd_high_spenders,threshold,pct_hs
68,7,2136.603000000001,10.294117647058822
