total_clientes,qtd_high_spenders,threshold,pct_hs
262,27,1606.7910000000004,10.305343511450381
