faixa_etaria,qtd_clientes,valor_total,pct_clientes
16-24 (Gen Z),11,5288.98,6.875000000000001
25-39 (Millennials),77,40857.76,48.125
40-54 (Gen X),60,35794.45,37.5
55-69 (Boomers),9,7670.900000000001,5.625
70+ (Silent),1,359.98,0.625
Nao Informado,2,182.6,1.25
