total_clientes,qtd_high_spenders,threshold,pct_hs
3728,373,3414.520000000001,10.005364806866952
