faixa_etaria,qtd_clientes,valor_total,pct_clientes
16-24 (Gen Z),236,259897.47,5.326111487248928
25-39 (Millennials),1751,2042225.36,39.5170390431054
40-54 (Gen X),1790,2418781.37,40.39720153464229
55-69 (Boomers),564,675984.74,12.728503723764387
70+ (Silent),87,92537.05,1.9634394041976981
Nao Informado,3,9880.43,0.06770480704129993
