shopping_principal,qtd_clientes,valor_total,ticket_medio,vip_hist,vip_valor_hist,vip_ticket_hist,premium_hist,premium_valor_hist,premium_ticket_hist,potencial_hist,potencial_valor_hist,potencial_ticket_hist,pontual_hist,pontual_valor_hist,pontual_ticket_hist,vip_periodo,vip_valor_periodo,vip_ticket_periodo,premium_periodo,premium_valor_periodo,premium_ticket_periodo,potencial_periodo,potencial_valor_periodo,potencial_ticket_periodo,pontual_periodo,pontual_valor_periodo,pontual_ticket_periodo,high_spenders,pct_valor
Garten Shopping,1372,1309077.98,954.1384693877551,460,677719.65,1473.3035869565217,249,250245.05,1005.0002008032128,299,233914.88,782.3240133779265,364,147198.4,404.3912087912088,131,535651.62,4088.9436641221373,256,358597.08,1400.76984375,357,252701.24,707.8466106442577,628,162128.04,258.16566878980893,123,26.4
Balneário Shopping,936,1142085.58,1220.1769017094018,466,800085.74,1716.9221888412017,112,119302.53,1065.2011607142856,168,147116.57,875.693869047619,190,75580.74,397.79336842105266,155,605859.49,3908.7709032258063,195,277472.37,1422.9352307692307,238,174758.38999999998,734.2789495798319,348,83995.33,241.3658908045977,147,23.03
Neumarkt Shopping,939,902544.95,961.1767305644302,497,604886.88,1217.076217303823,153,141722.55,926.2911764705882,142,101424.0,714.2535211267606,147,54511.520000000004,370.8266666666667,108,395194.51,3659.208425925926,153,217347.59,1420.5724836601307,254,186507.0,734.2795275590552,424,103495.85,244.09398584905662,103,18.2
Continente Shopping,909,755984.9400000001,831.666600660066,364,406870.12,1117.775054945055,141,127622.86,905.1266666666667,171,131045.85,766.35,233,90446.11,388.1807296137339,85,300634.39,3536.8751764705885,124,171306.2,1381.5016129032258,245,175362.81,715.7665714285714,455,108681.54,238.86052747252745,80,15.24
Nações Shopping,585,441305.71,754.3687350427351,146,183169.77,1254.5874657534246,85,83326.74,980.3145882352942,139,103220.95,742.5967625899281,215,71588.25,332.96860465116276,41,159771.27,3896.860243902439,77,103415.0,1343.051948051948,146,102169.4,699.7904109589041,321,75950.04,236.6044859813084,37,8.9
Norte Shopping,497,408381.63,821.6934205231388,140,177684.92,1269.178,72,87062.41,1209.200138888889,107,82088.1,767.1785046728972,178,61546.2,345.7651685393258,38,159380.88,4194.233684210526,71,98433.48,1386.387042253521,105,77603.91,739.0848571428572,283,72963.36,257.82106007067136,35,8.23
