shopping_principal,qtd_clientes,valor_total,ticket_medio,clientes_vip_historico,clientes_vip_periodo,high_spenders,pct_valor
Garten Shopping,1372,1309077.98,432.0506128609298,460,131,123,26.4
Balneário Shopping,936,1142085.58,440.1690061217444,466,155,147,23.03
Neumarkt Shopping,939,902544.95,377.5885688423083,497,108,103,18.2
Continente Shopping,909,755984.9400000001,347.37685442706066,364,85,80,15.24
Nações Shopping,585,441305.71,371.9153806137947,146,41,37,8.9
Norte Shopping,497,408381.63,487.7456059138798,140,38,35,8.23
