perfil_cliente,qtd_clientes,valor_total,ticket_medio,frequencia_media,pct_clientes,pct_valor
VIP,558,2156492.16,1518.8959316760547,6.184587813620071,10.65,43.48
Premium,876,1226571.72,535.1002739567887,4.760273972602739,16.72,24.73
Potencial,1345,969102.75,330.5800849810471,3.5234200743494424,25.68,19.54
Pontual,2459,607214.16,152.15572876358212,2.1411142740951608,46.95,12.24
