shopping_principal,qtd_clientes,valor_total,ticket_medio,vip_hist,premium_hist,potencial_hist,pontual_hist,vip_periodo,premium_periodo,potencial_periodo,pontual_periodo,high_spenders,pct_valor
Garten Shopping,1372,1309077.98,432.0506128609298,460,249,299,364,131,256,357,628,123,26.4
Balneário Shopping,936,1142085.58,440.1690061217444,466,112,168,190,155,195,238,348,147,23.03
Neumarkt Shopping,939,902544.95,377.5885688423083,497,153,142,147,108,153,254,424,103,18.2
Continente Shopping,909,755984.9400000001,347.37685442706066,364,141,171,233,85,124,245,455,80,15.24
Nações Shopping,585,441305.71,371.9153806137947,146,85,139,215,41,77,146,321,37,8.9
Norte Shopping,497,408381.63,487.7456059138798,140,72,107,178,38,71,105,283,35,8.23
