perfil_cliente,qtd_clientes,valor_total,ticket_medio,frequencia_media,pct_clientes,pct_valor
VIP,2073,37065644.63,468.4886433948623,4.771345875542692,39.58,87.59
Premium,812,2926322.96,511.33925545672514,3.0246305418719213,15.5,6.92
Potencial,1026,1695577.61,411.7803408696789,2.6949317738791425,19.59,4.01
Pontual,1327,627468.93,245.81903411442448,1.8937452901281084,25.33,1.48
