genero,qtd_hs,valor_total,ticket_medio,pct_hs
Feminino,69,273285.08,3960.6533333333336,80.23255813953489
Masculino,17,76758.24,4515.190588235295,19.767441860465116
