faixa_etaria,qtd_hs,valor_total,ticket_medio,pct_hs
Boomers (1946-1964),3,6073.08,2024.36,3.488372093023256
Gen X (1965-1980),38,125113.55,3292.4618421052633,44.18604651162791
Gen Z (1997-2012),10,94964.53,9496.453,11.627906976744185
Millennials (1981-1996),35,123892.16,3539.7760000000003,40.69767441860465
