faixa_etaria,Feminino,Masculino,Nao Informado,Outro
16-24 (Gen Z),701.5036111111111,556.5616666666666,0.0,0.0
25-39 (Millennials),1046.834655172414,941.7884269662921,412.1,258.0
40-54 (Gen X),821.7655018587361,776.3158241758242,0.0,341.78000000000003
55-69 (Boomers),782.438202247191,949.7679166666667,0.0,0.0
70+ (Silent),531.5471428571428,321.75142857142856,0.0,0.0
Nao Informado,0.0,0.0,69.47,0.0
