faixa_etaria,Feminino,Masculino,Nao Informado,Outro
16-24 (Gen Z),25254.13,3339.37,0.0,0.0
25-39 (Millennials),242865.64,83819.17,412.1,258.0
40-54 (Gen X),221054.92,70644.74,0.0,341.78000000000003
55-69 (Boomers),69637.0,22794.43,0.0,0.0
70+ (Silent),3720.83,2252.2599999999998,0.0,0.0
Nao Informado,0.0,0.0,69.47,0.0
