total_clientes,qtd_high_spenders,threshold,pct_hs
1548,155,1869.1479999999997,10.012919896640827
