faixa_etaria,qtd_clientes,valor_total,pct_clientes
Boomers (1946-1964),54,72558.29,3.488372093023256
Gen X (1965-1980),350,339353.96,22.60981912144703
Gen Z (1997-2012),271,173717.65,17.506459948320412
Millennials (1981-1996),868,680546.78,56.07235142118863
Nao Informado,3,785.29,0.1937984496124031
Silent (antes 1946),2,5021.73,0.12919896640826875
