genero,qtd_clientes,valor_total,pct_clientes
Feminino,1168,964850.87,75.45219638242894
Masculino,375,304637.85,24.224806201550386
Nao Informado,5,2494.98,0.32299741602067183
