total_clientes,qtd_high_spenders,threshold,pct_hs
621,63,1540.5800000000002,10.144927536231885
