genero,qtd_clientes,valor_total,pct_clientes
Feminino,462,306288.8,74.39613526570048
Masculino,157,110484.45,25.28180354267311
Outro,2,479.82000000000005,0.322061191626409
