genero,qtd_clientes,valor_total,pct_clientes
Feminino,398,495964.27,77.13178294573643
Masculino,117,135920.96,22.674418604651162
Nao Informado,1,30.0,0.1937984496124031
