faixa_etaria,qtd_clientes,valor_total,pct_clientes
16-24 (Gen Z),27,31619.52,5.232558139534884
25-39 (Millennials),228,234238.67,44.18604651162791
40-54 (Gen X),229,254448.85,44.37984496124031
55-69 (Boomers),25,91268.66,4.844961240310078
70+ (Silent),6,20309.53,1.1627906976744187
Nao Informado,1,30.0,0.1937984496124031
