total_clientes,qtd_high_spenders,threshold,pct_hs
1777,178,1888.8799999999999,10.016882386043894
