genero,qtd_clientes,valor_total,pct_clientes
Feminino,1151,960122.1,64.77208778840743
Masculino,622,512068.49,35.002813731007315
Outro,4,3805.9800000000005,0.22509848058525606
