loja,valor,clientes
Bergerson,429374.85,6
Renner,203945.61000000002,619
IPLACE MOBILE,124364.3,33
Riachuelo,117374.45,413
Havan,100328.87,362
C&A,97612.22,349
Centauro,95384.84,278
CVC,82857.78,12
Idéli Oui,81509.42,121
Makenji,74215.71,80
Hering,74116.02,236
Kalunga,73789.03,402
Vivara ,70439.54000000001,36
Le Lis Blanc,64590.57,53
Magazine Luiza,62604.35,34
Levi's,55696.06,107
Pittol,50632.92,187
Superlegal,47959.86,202
Shoulder,43896.57,50
Livrarias Curitiba,43186.74,350
