total_clientes,qtd_high_spenders,threshold,pct_hs
278,28,843.3730000000002,10.071942446043165
