faixa_etaria,qtd_clientes,valor_total,pct_clientes
16-24 (Gen Z),21,3635.72,7.553956834532374
25-39 (Millennials),156,59021.88,56.11510791366906
40-54 (Gen X),91,44776.78,32.73381294964029
55-69 (Boomers),9,7840.4,3.237410071942446
70+ (Silent),1,650.75,0.3597122302158274
