genero,qtd_clientes,valor_total,pct_clientes
Feminino,202,80423.87,72.66187050359713
Masculino,76,35501.659999999996,27.33812949640288
