faixa_etaria,qtd_hs,valor_total,ticket_medio,pct_hs
Boomers (1946-1964),19,129036.51,6791.395263157894,7.2796934865900385
Gen X (1965-1980),91,334187.56,3672.3907692307694,34.86590038314176
Gen Z (1997-2012),26,118944.06,4574.7715384615385,9.961685823754788
Millennials (1981-1996),125,519272.74,4154.18192,47.89272030651341
