genero,qtd_hs,valor_total,ticket_medio,pct_hs
Feminino,197,847429.88,4301.674517766497,75.47892720306514
Masculino,64,254010.99,3968.92171875,24.521072796934863
