faixa_etaria,Feminino,Masculino,Nao Informado,Outro
16-24 (Gen Z),572.6624285714286,660.1945454545454,0.0,289.745
25-39 (Millennials),701.7542511013215,737.1199656357388,0.0,61.0
40-54 (Gen X),993.2247153465346,882.2044814814815,0.0,0.0
55-69 (Boomers),1686.7323469387754,1068.3742424242423,0.0,0.0
70+ (Silent),6550.760909090909,525.4,0.0,0.0
Nao Informado,678.99,108.0,30.0,0.0
