total_clientes,qtd_high_spenders,threshold,pct_hs
10059,1006,3593.384000000001,10.000994134605826
