total_clientes,qtd_high_spenders,threshold,pct_hs
29557,2956,4428.376000000001,10.001014987989308
