faixa_etaria,qtd_clientes,valor_total,pct_clientes
Boomers (1946-1964),2072,3092931.87,8.073251509838302
Gen X (1965-1980),7718,12104480.75,30.072082602766415
Gen Z (1997-2012),3240,3880585.17,12.624196376388078
Millennials (1981-1996),12574,18526000.81,48.99279173972336
Nao Informado,7,15489.95,0.027274498344048312
Silent (antes 1946),54,71586.44,0.2104032729398013
