genero,qtd_clientes,valor_total,pct_clientes
Feminino,19794,40943155.72,66.96890753459417
Masculino,9733,17951443.38,32.92959366647495
Nao Informado,4,5949.87,0.013533173190783909
Outro,26,24927.38,0.08796562574009541
