genero,qtd_clientes,valor_total,pct_clientes
Feminino,345,258520.2,75.32751091703057
Masculino,113,89475.21,24.67248908296943
