perfil_cliente,qtd_clientes,valor_total,ticket_medio,frequencia_media,pct_clientes,pct_valor
VIP,533,2288239.64,919.9026609980712,9.75046904315197,8.43,44.07
Premium,857,1188656.69,356.63153173115955,7.305717619603267,13.56,22.89
Potencial,1320,938069.89,253.1535386748701,5.118181818181818,20.89,18.07
Pontual,3610,777421.93,111.85884227008383,2.616897506925208,57.12,14.97
