shopping_principal,qtd_clientes,valor_total,ticket_medio,vip_hist,premium_hist,potencial_hist,pontual_hist,vip_periodo,premium_periodo,potencial_periodo,pontual_periodo,high_spenders,pct_valor
Balneário Shopping,1119,1291725.79,341.9579491949254,586,140,122,271,153,177,215,574,172,24.88
Neumarkt Shopping,1198,1106911.52,222.69915177750607,684,166,169,179,129,189,281,599,159,21.32
Continente Shopping,1403,1012128.68,207.9533696873998,597,229,240,337,92,184,278,849,111,19.49
Garten Shopping,790,646641.03,262.03327322117264,423,128,100,139,67,106,173,444,79,12.45
Norte Shopping,982,633832.48,225.69272921461567,263,199,214,306,54,119,207,602,65,12.21
Nações Shopping,828,501148.65,198.15794694194682,262,154,164,248,38,82,166,542,46,9.65
