shopping_principal,qtd_clientes,valor_total,ticket_medio,vip_hist,vip_valor_hist,vip_ticket_hist,premium_hist,premium_valor_hist,premium_ticket_hist,potencial_hist,potencial_valor_hist,potencial_ticket_hist,pontual_hist,pontual_valor_hist,pontual_ticket_hist,vip_periodo,vip_valor_periodo,vip_ticket_periodo,premium_periodo,premium_valor_periodo,premium_ticket_periodo,potencial_periodo,potencial_valor_periodo,potencial_ticket_periodo,pontual_periodo,pontual_valor_periodo,pontual_ticket_periodo,high_spenders,pct_valor
Balneário Shopping,1119,1291725.79,341.9579491949254,586,1036907.22,451.64958215053684,140,107879.6,262.2117382534074,122,73155.57,303.9663710592686,271,73783.4,163.0654958826536,153,764334.76,1096.6929829104506,177,244769.18,404.0787740643915,215,155633.44,315.6544328639669,574,126988.41,131.47956914402863,172,24.88
Neumarkt Shopping,1198,1106911.52,222.69915177750607,684,859308.36,255.22894398990155,166,111377.12,203.12786141101202,169,81948.91,177.3700681859232,179,54277.13,159.34200906542247,129,509274.69,643.3035045491263,189,267590.0,321.4808980894685,281,197353.69,222.34061100361976,599,132693.14,101.11824759881188,159,21.32
Continente Shopping,1403,1012128.68,207.9533696873998,597,649520.88,248.6826688945596,229,156515.58,218.96812231589956,240,126279.18000000001,202.70878031192834,337,79813.04,132.05108918743636,92,385871.54,953.9073461335921,184,253055.44,317.776641034227,278,200070.87,220.34519155576902,849,173130.83,99.2605849520965,111,19.49
Garten Shopping,790,646641.03,262.03327322117264,423,496199.11,315.9389329603582,128,74416.23,273.555277119171,100,42434.3,182.2087645021645,139,33591.39,144.8069444678024,67,282001.57,1214.5218678909023,106,147839.09,363.5754803392821,173,124338.51,227.79757351458375,444,92461.86,107.39941342803843,79,12.45
Norte Shopping,982,633832.48,225.69272921461567,263,285657.34,263.8808502739329,199,139581.77,233.46263532878675,214,118827.5,234.49826899221944,306,89765.87,181.65981199981937,54,186817.36000000002,847.4705753561456,119,165720.34,382.8145900147094,207,147062.16,283.54632346454963,602,134232.62,118.96648480167532,65,12.21
Nações Shopping,828,501148.65,198.15794694194682,262,265825.79,200.51302395093185,154,86711.84,203.62577469120023,164,78599.82,230.27275260274956,248,70011.2,171.03736719150027,38,159939.72,648.2128362532355,82,109682.64,375.4457422839605,166,113611.22,267.8326738877706,542,117915.07,118.44265232039545,46,9.65
