shopping_principal,qtd_clientes,valor_total,ticket_medio,clientes_vip_historico,clientes_vip_periodo,high_spenders,pct_valor
Balneário Shopping,1119,1291725.79,341.9579491949254,586,153,172,24.88
Neumarkt Shopping,1198,1106911.52,222.69915177750607,684,129,159,21.32
Continente Shopping,1403,1012128.68,207.9533696873998,597,92,111,19.49
Garten Shopping,790,646641.03,262.03327322117264,423,67,79,12.45
Norte Shopping,982,633832.48,225.69272921461567,263,54,65,12.21
Nações Shopping,828,501148.65,198.15794694194682,262,38,46,9.65
