total_clientes,qtd_high_spenders,threshold,pct_hs
7929,793,2343.5279999999993,10.001261193088663
