faixa_etaria,qtd_clientes,valor_total,pct_clientes
16-24 (Gen Z),659,550630.56,8.311262454281751
25-39 (Millennials),3544,3664878.04,44.69668306217682
40-54 (Gen X),2887,3408958.56,36.410644469668306
55-69 (Boomers),741,794687.84,9.345440786984488
70+ (Silent),80,104046.36,1.0089544709294993
Nao Informado,18,10471.63,0.22701475595913734
