perfil_cliente,qtd_clientes,valor_total,ticket_medio,frequencia_media,pct_clientes,pct_valor
VIP,26676,131209273.8,1169.6744350747674,11.431399010346379,21.4,63.83
Premium,27863,39444364.27,501.4408343392005,4.986397731758964,22.35,19.19
Potencial,32448,23711588.9,366.6741266175048,3.101978550295858,26.03,11.54
Pontual,37663,11195803.55,202.10844690049217,1.9065130233916576,30.22,5.45
