shopping_principal,qtd_clientes,valor_total,ticket_medio,vip_hist,premium_hist,potencial_hist,pontual_hist,vip_periodo,premium_periodo,potencial_periodo,pontual_periodo,high_spenders,pct_valor
Balneário Shopping,28217,58476913.45,581.0437998341272,5421,4618,7575,10603,7852,6618,6713,7034,3997,28.45
Garten Shopping,24968,38222281.99,501.4858969045176,3143,3670,6917,11238,4802,5486,6634,8046,2136,18.59
Continente Shopping,25191,37515786.2,481.3451109152368,2772,3531,7207,11681,4762,5796,6771,7862,2102,18.25
Neumarkt Shopping,19320,36762026.37,491.0677531458448,3783,3353,5026,7158,4841,4325,4684,5470,2446,17.88
Nações Shopping,14448,17803210.55,453.0123445177981,1027,1529,3911,7981,2177,3020,4088,5163,861,8.66
Norte Shopping,12506,16780811.96,608.4443376041507,1139,1727,3536,6104,2242,2618,3558,4088,923,8.16
