faixa_etaria,qtd_clientes,valor_total,pct_clientes
16-24 (Gen Z),1,1175.25,4.3478260869565215
25-39 (Millennials),6,4113.2,26.08695652173913
40-54 (Gen X),16,10408.63,69.56521739130434
