faixa_etaria,qtd_clientes,valor_total,pct_clientes
Boomers (1946-1964),4,1885.79,7.142857142857142
Gen X (1965-1980),15,12595.32,26.785714285714285
Gen Z (1997-2012),12,86705.82,21.428571428571427
Millennials (1981-1996),25,27641.670000000002,44.642857142857146
