genero,qtd_hs,valor_total,ticket_medio,pct_hs
Feminino,4580,28020160.7,6117.939017467249,63.41733591802825
Masculino,2634,18223163.08,6918.437008352315,36.47189144281363
Nao Informado,6,29388.19,4898.031666666667,0.08307947936859596
Outro,2,11433.54,5716.77,0.027693159789531983
