faixa_etaria,qtd_hs,valor_total,ticket_medio,pct_hs
16-24 (Gen Z),260,1584942.24,6095.931692307692,3.6001107726391584
25-39 (Millennials),2492,15068534.53,6046.76345505618,34.50567709775685
40-54 (Gen X),3270,21392354.41,6542.004406727829,45.278316255884796
55-69 (Boomers),995,6576040.05,6609.085477386934,13.777346995292165
70+ (Silent),197,1621847.19,8232.726852791879,2.7277762392689007
Nao Informado,8,40427.09,5053.38625,0.11077263915812793
