faixa_etaria,Feminino,Masculino,Nao Informado,Outro
16-24 (Gen Z),996.5818475671997,1076.0513464991025,0.0,1371.1299999999999
25-39 (Millennials),1281.3879578809535,1373.4203830277431,886.4133333333334,983.6346428571429
40-54 (Gen X),1600.5194753824758,1593.5454571040373,20.0,801.07
55-69 (Boomers),1566.5296775889258,1590.515689001264,0.0,819.6225
70+ (Silent),1813.7608385093167,1946.8504736842106,0.0,444.85
Nao Informado,322.9125,1395.0838461538463,885.3521359223301,0.0
