faixa_etaria,qtd_clientes,valor_total,pct_clientes
Boomers (1946-1964),143,134024.17,8.208955223880597
Gen X (1965-1980),543,548862.52,31.171067738231915
Gen Z (1997-2012),154,132050.93,8.84041331802526
Millennials (1981-1996),898,948527.74,51.549942594718715
Nao Informado,2,813.0,0.1148105625717566
Silent (antes 1946),2,2812.75,0.1148105625717566
