faixa_etaria,qtd_clientes,valor_total,pct_clientes
16-24 (Gen Z),69,64915.15,3.960964408725603
25-39 (Millennials),667,671662.87,38.289322617680824
40-54 (Gen X),740,775086.52,42.47990815154994
55-69 (Boomers),230,226432.58,13.203214695752008
70+ (Silent),34,28180.989999999998,1.951779563719862
Nao Informado,2,813.0,0.1148105625717566
