shopping_principal,qtd_clientes,valor_total,ticket_medio,vip_hist,premium_hist,potencial_hist,pontual_hist,vip_periodo,premium_periodo,potencial_periodo,pontual_periodo,high_spenders,pct_valor
Garten Shopping,3338,4008096.56,504.5083359717628,908,575,817,1038,479,625,928,1306,313,19.47
Norte Shopping,3132,3659276.55,754.6988272784814,513,488,959,1172,447,742,1141,802,257,17.78
Nações Shopping,3316,3445628.76,536.4018775651228,472,458,940,1446,374,700,1046,1196,215,16.74
Neumarkt Shopping,2367,3366987.66,466.60850303518913,1015,447,411,494,465,502,560,840,313,16.36
Balneário Shopping,2023,3303183.78,490.5958001470269,853,287,384,499,474,428,481,640,311,16.05
Continente Shopping,2291,2802548.86,421.0687986590849,692,360,555,684,386,442,630,833,238,13.61
