shopping_principal,qtd_clientes,valor_total,ticket_medio,vip_hist,vip_valor_hist,vip_ticket_hist,premium_hist,premium_valor_hist,premium_ticket_hist,potencial_hist,potencial_valor_hist,potencial_ticket_hist,pontual_hist,pontual_valor_hist,pontual_ticket_hist,vip_periodo,vip_valor_periodo,vip_ticket_periodo,premium_periodo,premium_valor_periodo,premium_ticket_periodo,potencial_periodo,potencial_valor_periodo,potencial_ticket_periodo,pontual_periodo,pontual_valor_periodo,pontual_ticket_periodo,high_spenders,pct_valor
Garten Shopping,3338,4008096.56,504.5083359717628,908,2207660.73,831.92968646121,575,674488.86,534.8548314534808,817,693229.32,421.6159930826793,1038,432717.65,266.5268552337813,479,2102558.43,1678.6752804850473,625,875908.0,526.1171222722288,928,671626.75,339.85833856076664,1306,358003.38,180.5142622640674,313,19.47
Norte Shopping,3132,3659276.55,754.6988272784814,513,1066014.9,1064.620392823337,488,879669.45,1321.3077944599,959,1098697.9,776.0995550665011,1172,614894.3,365.60476835548315,447,1573136.97,2494.1548813543423,742,1047753.18,800.3395591903645,1141,844209.4,462.134745395969,802,194177.0,159.20423647725923,257,17.78
Nações Shopping,3316,3445628.76,536.4018775651228,472,1152768.39,916.5878130512025,458,697243.59,905.9130768475188,940,966298.14,558.224782092831,1446,629318.64,281.07862647465765,374,1455379.45,1909.6539893516522,700,959376.6,650.725545978214,1046,758971.86,415.5910875107259,1196,271900.85,145.72063065841164,215,16.74
Neumarkt Shopping,2367,3366987.66,466.60850303518913,1015,2328887.77,545.6737790393667,447,499355.76,533.4668475713213,411,348913.47,463.9087022064708,494,189830.66,245.90543216213612,465,2026393.68,1102.3930282735125,502,713084.35,517.8259613469863,560,410947.2,352.4600860311251,840,216562.43,160.14677114701436,313,16.36
Balneário Shopping,2023,3303183.78,490.5958001470269,853,2347112.31,613.1377834481973,287,385302.45,584.7149798421589,384,364601.12,442.32524064336275,499,206167.9,264.1336328544535,474,2172904.55,1030.7568273659622,428,617253.29,517.0180788136795,481,349779.05,358.41509478522715,640,163246.89,172.21120187815657,311,16.05
Continente Shopping,2291,2802548.86,421.0687986590849,692,1522485.73,465.3607399048363,360,466528.14,579.6404385825297,555,524497.55,449.7678253015498,684,289037.44,269.5135742423188,386,1503723.27,1063.9625190145907,442,620235.83,482.8680548755561,630,456037.9,320.6312097360261,833,222551.86000000002,166.33102400917076,238,13.61
