shopping_principal,qtd_clientes,valor_total,ticket_medio,clientes_vip_historico,clientes_vip_periodo,high_spenders,pct_valor
Garten Shopping,3338,4008096.56,504.5083359717628,908,479,313,19.47
Norte Shopping,3132,3659276.55,754.6988272784814,513,447,257,17.78
Nações Shopping,3316,3445628.76,536.4018775651228,472,374,215,16.74
Neumarkt Shopping,2367,3366987.66,466.60850303518913,1015,465,313,16.36
Balneário Shopping,2023,3303183.78,490.5958001470269,853,474,311,16.05
Continente Shopping,2291,2802548.86,421.0687986590849,692,386,238,13.61
