shopping_principal,qtd_clientes,valor_total,ticket_medio,vip_hist,premium_hist,potencial_hist,pontual_hist,vip_periodo,premium_periodo,potencial_periodo,pontual_periodo,high_spenders,pct_valor
Balneário Shopping,21697,44354715.57,639.2083965664465,5034,4035,5961,6667,6194,5337,5090,5076,3599,37.65
Garten Shopping,16457,22483773.04,466.34864230990064,2533,2743,4889,6292,2652,3949,4526,5330,1171,19.09
Neumarkt Shopping,14641,22439421.88,453.7875604040106,3378,2832,4025,4406,3049,3480,3674,4438,1578,19.05
Continente Shopping,15505,18701182.22,427.31578610809817,2184,2559,4734,6028,2341,3603,4353,5208,1010,15.88
Norte Shopping,7334,7608928.55,435.16656958533105,861,1155,1981,3337,885,1361,1986,3102,411,6.46
Nações Shopping,2849,2213694.54,352.5302063533021,373,430,757,1289,215,405,702,1527,80,1.88
