perfil_cliente,qtd_clientes,valor_total,ticket_medio,frequencia_media,pct_clientes,pct_valor
VIP,14363,174797809.16,972.660288557638,7.621736406043306,18.3,63.61
Premium,13754,48776280.84,569.9637374338146,5.141922349861859,17.52,17.75
Potencial,22347,36465322.75,427.24812469469765,3.7753613460419744,28.47,13.27
Pontual,28019,14738829.46,273.0859234714419,2.219815125450587,35.7,5.36
