perfil_cliente,qtd_clientes,valor_total,ticket_medio,frequencia_media,pct_clientes,pct_valor
VIP,15336,70290645.79,1244.3554984269977,7.704747000521649,19.54,59.67
Premium,18135,25537823.42,465.1205478446898,5.0452715743038326,23.11,21.68
Potencial,20331,14794340.91,335.60168451032115,3.3227091633466137,25.9,12.56
Pontual,24681,7178905.68,189.10880412858302,2.0075361614197154,31.45,6.09
