shopping_principal,qtd_clientes,valor_total,ticket_medio,clientes_vip_historico,clientes_vip_periodo,high_spenders,pct_valor
Balneário Shopping,21697,44354715.57,639.2083965664465,5034,6194,3599,37.65
Garten Shopping,16457,22483773.04,466.34864230990064,2533,2652,1171,19.09
Neumarkt Shopping,14641,22439421.88,453.7875604040106,3378,3049,1578,19.05
Continente Shopping,15505,18701182.22,427.31578610809817,2184,2341,1010,15.88
Norte Shopping,7334,7608928.55,435.16656958533105,861,885,411,6.46
Nações Shopping,2849,2213694.54,352.5302063533021,373,215,80,1.88
