total_clientes,qtd_high_spenders,threshold,pct_hs
554,56,1911.9159999999997,10.108303249097473
