faixa_etaria,qtd_clientes,valor_total,pct_clientes
Boomers (1946-1964),26,38721.4,4.693140794223827
Gen X (1965-1980),176,180910.8,31.768953068592058
Gen Z (1997-2012),58,31095.46,10.469314079422382
Millennials (1981-1996),293,207149.58,52.888086642599276
Silent (antes 1946),1,984.27,0.18050541516245489
