genero,qtd_clientes,valor_total,pct_clientes
Feminino,426,361322.68,76.89530685920577
Masculino,128,97538.83,23.104693140794225
