total_clientes,qtd_high_spenders,threshold,pct_hs
9718,972,3269.4300000000057,10.002058036633052
