faixa_etaria,qtd_clientes,valor_total,pct_clientes
Boomers (1946-1964),408,474482.9,6.478247062559543
Gen X (1965-1980),1748,1942881.6,27.754842807240394
Gen Z (1997-2012),856,744225.22,13.591616386154334
Millennials (1981-1996),3251,3455480.36,51.61956176563989
Nao Informado,26,18615.16,0.412829469672912
Silent (antes 1946),9,9047.43,0.1429025087329311
