faixa_etaria,qtd_clientes,valor_total,pct_clientes
Boomers (1946-1964),384,590526.17,6.906474820143885
Gen X (1965-1980),1670,1958650.72,30.035971223021583
Gen Z (1997-2012),815,684718.62,14.658273381294965
Millennials (1981-1996),2675,2698637.07,48.11151079136691
Silent (antes 1946),16,12730.51,0.28776978417266186
