genero,qtd_clientes,valor_total,pct_clientes
Feminino,1763,1660508.48,58.84512683578104
Masculino,1231,1275676.81,41.08811748998665
Outro,2,3574.54,0.06675567423230974
