total_clientes,qtd_high_spenders,threshold,pct_hs
1205,121,2562.0880000000043,10.04149377593361
