genero,qtd_clientes,valor_total,pct_clientes
Feminino,936,1013016.54,77.67634854771785
Masculino,263,337797.8,21.82572614107884
Nao Informado,2,528.0,0.16597510373443983
Outro,4,2853.8199999999997,0.33195020746887965
