faixa_etaria,qtd_clientes,valor_total,pct_clientes
16-24 (Gen Z),92,105591.7,7.634854771784233
25-39 (Millennials),579,634507.04,48.04979253112033
40-54 (Gen X),457,510919.48,37.9253112033195
55-69 (Boomers),62,83779.77,5.145228215767634
70+ (Silent),12,18701.4,0.9958506224066389
Nao Informado,3,696.77,0.24896265560165973
