shopping_principal,qtd_clientes,valor_total,ticket_medio,vip_hist,premium_hist,potencial_hist,pontual_hist,vip_periodo,premium_periodo,potencial_periodo,pontual_periodo,high_spenders,pct_valor
Balneário Shopping,65500,179102294.05,640.5787620160188,8438,9357,18274,29431,21681,14388,14410,15021,8784,32.48
Neumarkt Shopping,38292,102345681.74,509.93597975484215,4987,5315,10273,17717,12496,8079,8101,9616,5194,18.56
Garten Shopping,48727,98529529.83,521.7364728297708,4168,5589,13264,25706,12367,10654,11629,14077,4368,17.87
Continente Shopping,51832,94748800.12,485.90911346020755,3848,5859,14355,27770,12552,11510,12841,14929,4087,17.18
Norte Shopping,25091,40507326.97,583.044320878706,1541,2821,6307,14422,5600,5069,6230,8192,1649,7.35
Nações Shopping,24587,36150660.6,441.39625412302723,1247,2158,6062,15120,4584,4883,6450,8670,1321,6.56
