perfil_cliente,qtd_clientes,valor_total,ticket_medio,frequencia_media,pct_clientes,pct_valor
VIP,24229,268922950.8,1554.2867017036017,26.90738371373148,9.54,48.77
Premium,31099,108866007.4,845.0621573965351,10.063249622174347,12.24,19.74
Potencial,68535,108820639.11,529.6798685347817,5.42613263296126,26.98,19.74
Pontual,130166,64774696.0,286.8140387357311,2.3988138223499225,51.24,11.75
