perfil_cliente,qtd_clientes,valor_total,ticket_medio,frequencia_media,pct_clientes,pct_valor
VIP,69280,409014864.11,5903.794227915704,15.365545612009237,27.27,74.18
Premium,54583,77594733.2,1421.5915797959071,4.987835040213986,21.49,14.07
Potencial,59661,43589492.13,730.6195358777092,3.0303883609057842,23.49,7.91
Pontual,70505,21185203.87,300.4780351748103,1.8643784128785192,27.75,3.84
