genero,qtd_hs,valor_total,ticket_medio,pct_hs
Feminino,237,741302.4,3127.8582278481013,83.45070422535211
Masculino,47,155784.54,3314.564680851064,16.549295774647888
