faixa_etaria,qtd_hs,valor_total,ticket_medio,pct_hs
Boomers (1946-1964),10,27771.260000000002,2777.126,3.5211267605633805
Gen X (1965-1980),82,253840.72,3095.6185365853657,28.87323943661972
Gen Z (1997-2012),29,82081.79,2830.406551724138,10.211267605633804
Millennials (1981-1996),163,533393.17,3272.3507361963193,57.3943661971831
