faixa_etaria,Feminino,Masculino,Nao Informado,Outro
Boomers (1946-1964),1086.719761904762,583.145,0.0,0.0
Gen X (1965-1980),847.9220675944334,669.9328571428572,0.0,0.0
Gen Z (1997-2012),536.9488588588589,392.67281249999996,0.0,653.5939999999999
Millennials (1981-1996),724.9919448818898,665.4524064171123,0.0,50.44
Nao Informado,84.95,0.0,48.0,0.0
Silent (antes 1946),134.0,0.0,0.0,0.0
