total_clientes,qtd_high_spenders,threshold,pct_hs
1232,124,1900.2360000000008,10.064935064935066
