faixa_etaria,qtd_clientes,valor_total,pct_clientes
Boomers (1946-1964),45,46579.58,3.6525974025974026
Gen X (1965-1980),340,331371.59,27.5974025974026
Gen Z (1997-2012),217,140860.26,17.613636363636363
Millennials (1981-1996),624,494821.0,50.649350649350644
Nao Informado,2,955.75,0.16233766233766234
Silent (antes 1946),4,9274.35,0.3246753246753247
