faixa_etaria,qtd_clientes,valor_total,pct_clientes
16-24 (Gen Z),28,23047.58,4.2682926829268295
25-39 (Millennials),205,174159.61,31.25
40-54 (Gen X),305,273291.35,46.493902439024396
55-69 (Boomers),103,89705.93,15.701219512195122
70+ (Silent),14,17633.05,2.1341463414634148
Nao Informado,1,61.84,0.1524390243902439
