genero,qtd_clientes,valor_total,pct_clientes
Feminino,463,376044.37,70.57926829268293
Masculino,193,201854.99,29.42073170731707
