genero,qtd_hs,valor_total,ticket_medio,pct_hs
Feminino,1080,5474757.1,5069.219537037036,65.57377049180327
Masculino,566,3079259.89,5440.388498233216,34.36551305403764
Outro,1,3355.9,3355.9,0.060716454159077116
