faixa_etaria,qtd_hs,valor_total,ticket_medio,pct_hs
Boomers (1946-1964),126,636298.1,5049.984920634921,7.650273224043716
Gen X (1965-1980),602,3207500.49,5328.073903654486,36.551305403764424
Gen Z (1997-2012),156,768335.26,4925.226025641025,9.47176684881603
Millennials (1981-1996),758,3915501.7,5165.569525065964,46.02307225258045
Silent (antes 1946),5,29737.340000000004,5947.468000000001,0.3035822707953855
