faixa_etaria,Feminino,Masculino,Nao Informado,Outro
16-24 (Gen Z),945.8330866141732,1008.2677104377104,0.0,1388.4566666666667
25-39 (Millennials),1119.9037004012482,1115.3031747443308,464.6433333333334,1078.1216666666667
40-54 (Gen X),1344.3979682255538,1414.6423938053097,0.0,720.1408333333334
55-69 (Boomers),1464.7478200692042,1418.4253833333332,0.0,873.4
70+ (Silent),1473.2844,1132.0467708333333,0.0,0.0
Nao Informado,886.4166666666666,649.124,449.385,0.0
