persona,qtd_clientes,valor_total,ticket_medio,freq_media,idade_media,pct_clientes,pct_valor
Cliente Regular,12916,13554918.43,374.15979410498403,4.0063487147723755,39.768348446097804,78.42613394863076,65.84053563344261
Comprador Seletivo,583,2622638.86,3895.5437478559174,1.1783876500857633,39.054888507718694,3.5399842127633736,12.738988302084625
Senior Tradicional,1736,2118107.73,803.7430583717359,2.0080645161290325,62.29320276497696,10.541016455158175,10.288320670664135
Mae Moderna,162,907011.79,191.91882115410522,32.592592592592595,41.29012345679013,0.9836662821057746,4.405643780731152
Jovem Explorer,872,542930.68,372.5939870030581,1.886467889908257,22.736238532110093,5.294796283927379,2.6371864181722877
Executivo Exigente,69,425671.29,184.11854022289185,37.869565217391305,38.95652173913044,0.4189689720080151,2.0676203904960335
Senior VIP,37,241207.32,221.09518595613983,31.83783783783784,61.891891891891895,0.22466452122168923,1.1716204143551747
Jovem Engajado,94,175011.1,131.1143864717631,17.170212765957448,22.4468085106383,0.5707693241848321,0.850084390053979
