total_clientes,qtd_high_spenders,threshold,pct_hs
2147,215,1963.6640000000004,10.013972985561248
