total_clientes,qtd_high_spenders,threshold,pct_hs
737,74,2005.1799999999996,10.040705563093622
