faixa_etaria,qtd_clientes,valor_total,pct_clientes
16-24 (Gen Z),68,44769.92,3.1672100605496043
25-39 (Millennials),818,756973.02,38.09967396367024
40-54 (Gen X),959,919606.65,44.66697717745692
55-69 (Boomers),266,295269.84,12.389380530973451
70+ (Silent),33,68081.79,1.5370284117373079
Nao Informado,3,2221.3900000000003,0.13972985561248255
