total_clientes,qtd_high_spenders,threshold,pct_hs
802,81,1838.2999999999997,10.099750623441397
