faixa_etaria,qtd_clientes,valor_total,pct_clientes
Boomers (1946-1964),16,20950.06,1.99501246882793
Gen X (1965-1980),153,173686.68,19.07730673316708
Gen Z (1997-2012),180,122205.12,22.443890274314214
Millennials (1981-1996),449,338664.79,55.9850374064838
Nao Informado,2,899.95,0.24937655860349126
Silent (antes 1946),2,1362.07,0.24937655860349126
