faixa_etaria,qtd_clientes,valor_total,pct_clientes
Boomers (1946-1964),25,16997.78,2.254283137962128
Gen X (1965-1980),161,114359.91,14.517583408476103
Gen Z (1997-2012),280,153912.99,25.247971145175836
Millennials (1981-1996),640,383879.63,57.70964833183048
Nao Informado,1,60.9,0.09017132551848511
Silent (antes 1946),2,1068.8400000000001,0.18034265103697023
