faixa_etaria,qtd_clientes,valor_total,pct_clientes
Boomers (1946-1964),33,39682.42,2.2132796780684103
Gen X (1965-1980),294,449214.99,19.718309859154928
Gen Z (1997-2012),344,324998.96,23.07176391683434
Millennials (1981-1996),816,1032637.09,54.72837022132797
Nao Informado,2,899.95,0.1341381623071764
Silent (antes 1946),2,2315.0699999999997,0.1341381623071764
