genero,qtd_hs,valor_total,ticket_medio,pct_hs
Feminino,346,1163020.27,3361.330260115607,71.19341563786008
Masculino,139,507972.46,3654.478129496403,28.600823045267486
Outro,1,3389.3,3389.3,0.205761316872428
