faixa_etaria,qtd_hs,valor_total,ticket_medio,pct_hs
Boomers (1946-1964),25,90120.58,3604.8232000000003,5.1440329218107
Gen X (1965-1980),128,452659.87,3536.405234375,26.337448559670783
Gen Z (1997-2012),61,210406.76,3449.2911475409837,12.551440329218108
Millennials (1981-1996),270,917209.48,3397.0721481481482,55.55555555555556
Silent (antes 1946),2,3985.34,1992.67,0.411522633744856
