faixa_etaria,Feminino,Masculino,Nao Informado,Outro
Boomers (1946-1964),946.3241025641025,1237.3923076923077,0.0,0.0
Gen X (1965-1980),985.3460966057442,849.8819662921347,0.0,0.0
Gen Z (1997-2012),720.2470462633453,745.3884978540772,0.0,365.37
Millennials (1981-1996),822.2457782404997,854.6415356265355,630.3366666666667,1280.825
Nao Informado,365.935,994.7633333333333,0.0,0.0
Silent (antes 1946),1037.92,1742.695,0.0,0.0
