faixa_etaria,qtd_clientes,valor_total,pct_clientes
16-24 (Gen Z),137,118828.76,3.84076254555649
25-39 (Millennials),1165,1236632.12,32.66049901878329
40-54 (Gen X),1605,2077851.64,44.99579478553406
55-69 (Boomers),563,743773.25,15.783571628819736
70+ (Silent),96,100198.17,2.6913372582001682
Nao Informado,1,61.84,0.02803476310625175
