genero,qtd_clientes,valor_total,pct_clientes
Feminino,2438,2894066.84,68.34875245304177
Masculino,1124,1381203.5,31.51107373142697
Outro,5,2075.44,0.14017381553125877
