genero,qtd_clientes,valor_total,ticket_medio,freq_media,idade_media,qtd_high_spenders,pct_clientes,pct_valor,shopping,sigla
Feminino,27152,66045806.64,2432.447209781968,8.90251178550383,43.03279050917397,2952,63.55061439438268,67.70572626500676,Neumarkt Shopping,NK
Masculino,15501,31420474.87,2026.996636991162,5.462873363008838,42.71158438205873,1319,36.28086600351082,32.21016108199574,Neumarkt Shopping,NK
Nao Informado,27,32943.619999999995,1220.1340740740739,5.703703703703703,38.6,1,0.06319485078993564,0.03377158719638588,Neumarkt Shopping,NK
Outro,45,49106.87,1091.263777777778,3.466666666666667,36.22222222222222,1,0.1053247513165594,0.05034106580110462,Neumarkt Shopping,NK
