total_clientes,qtd_high_spenders,threshold,pct_hs
549,55,1695.7559999999996,10.018214936247723
