faixa_etaria,qtd_clientes,valor_total,pct_clientes
16-24 (Gen Z),38,14998.95,6.9216757741347905
25-39 (Millennials),197,146099.8,35.88342440801457
40-54 (Gen X),266,265549.27,48.451730418943534
55-69 (Boomers),42,41815.340000000004,7.650273224043716
70+ (Silent),5,3607.37,0.9107468123861567
Nao Informado,1,124.71,0.18214936247723132
