genero,qtd_clientes,valor_total,pct_clientes
Feminino,397,333988.38,72.31329690346084
Masculino,151,138188.26,27.504553734061933
Nao Informado,1,18.8,0.18214936247723132
