faixa_etaria,qtd_hs,valor_total,ticket_medio,pct_hs
Boomers (1946-1964),1302,12934870.9,9934.616666666667,7.9813645558756825
Gen X (1965-1980),5357,49975580.77,9329.023851036029,32.83884018880647
Gen Z (1997-2012),1673,13100161.17,7830.341404662283,10.255624348678968
Millennials (1981-1996),7944,69838905.34,8791.402988418933,48.69735793538895
Nao Informado,3,20938.25,6979.416666666667,0.01839024091215595
Silent (antes 1946),34,254206.82,7476.671176470589,0.20842273033776743
