genero,qtd_hs,valor_total,ticket_medio,pct_hs
Feminino,10935,97779847.42,8941.915630544125,67.03242812480843
Masculino,5368,48274559.28,8993.025201192251,32.90627107215104
Nao Informado,3,20938.25,6979.416666666667,0.01839024091215595
Outro,7,49318.3,7045.471428571429,0.04291056212836388
