faixa_etaria,Feminino,Masculino,Nao Informado,Outro
Boomers (1946-1964),2091.8378403072034,2083.5969827387803,687.19,834.9275
Gen X (1965-1980),2233.723949927508,1951.9520195104217,724.3,808.5275
Gen Z (1997-2012),1357.0947877631274,1302.0856804979253,920.8966666666666,1137.8918965517241
Millennials (1981-1996),1952.2513328112136,1745.4191371887164,745.6033333333334,1350.878253968254
Nao Informado,681.68,742.2666666666668,878.2393902439024,0.0
Silent (antes 1946),1767.9212765957448,1884.984778761062,0.0,0.0
