faixa_etaria,qtd_clientes,valor_total,pct_clientes
Boomers (1946-1964),30,23559.5,1.841620626151013
Gen X (1965-1980),251,176002.02,15.408225905463475
Gen Z (1997-2012),402,255445.91,24.677716390423573
Millennials (1981-1996),940,599439.36,57.704112952731734
Nao Informado,6,2242.46,0.3683241252302026
