faixa_etaria,qtd_clientes,valor_total,pct_clientes
16-24 (Gen Z),204,140423.57,12.52302025782689
25-39 (Millennials),842,517120.95,51.68815224063843
40-54 (Gen X),501,348285.49,30.755064456721914
55-69 (Boomers),63,35585.06,3.867403314917127
70+ (Silent),4,8256.32,0.24554941682013504
Nao Informado,15,7017.86,0.9208103130755065
