genero,qtd_clientes,valor_total,pct_clientes
Feminino,622,477242.75,76.50676506765068
Masculino,191,108778.23,23.493234932349324
