shopping_principal,qtd_clientes,valor_total,ticket_medio,vip_hist,vip_valor_hist,vip_ticket_hist,premium_hist,premium_valor_hist,premium_ticket_hist,potencial_hist,potencial_valor_hist,potencial_ticket_hist,pontual_hist,pontual_valor_hist,pontual_ticket_hist,vip_periodo,vip_valor_periodo,vip_ticket_periodo,premium_periodo,premium_valor_periodo,premium_ticket_periodo,potencial_periodo,potencial_valor_periodo,potencial_ticket_periodo,pontual_periodo,pontual_valor_periodo,pontual_ticket_periodo,high_spenders,pct_valor
Balneário Shopping,4410,6709192.72,1521.3588934240363,1614,4229273.94,2620.367992565056,856,1187044.54,1386.7342757009346,983,888701.49,904.0706917599186,957,404172.75,422.3330721003135,907,4331120.53,4775.215578831312,878,1253262.83,1427.4064123006835,981,718425.84,732.3403058103975,1644,406383.52,247.19192214111922,672,32.78
Neumarkt Shopping,3337,3803068.04,1139.666778543602,1315,2481296.56,1886.917536121673,618,562457.79,910.1258737864079,721,489075.24,678.3290429958391,683,270238.45,395.6639092240117,462,2070618.3,4481.857792207792,557,790830.68,1419.803734290844,793,572144.05,721.4931273644389,1525,369475.01,242.27869508196721,333,18.58
Continente Shopping,3756,3766812.71,1002.8787832800851,979,1829398.09,1868.6395199182841,701,769122.06,1097.1784022824538,978,748843.41,765.6885582822086,1098,419449.15,382.0119763205829,467,1806594.81,3868.511370449679,648,915585.92,1412.9412345679013,896,638374.89,712.4719754464286,1745,406257.09,232.8120859598854,313,18.4
Garten Shopping,3144,3565403.48,1134.0341857506362,965,2102555.87,2178.814373056995,646,615837.08,953.3081733746129,789,564482.0,715.4397972116603,744,282528.53,379.7426478494624,393,1927615.97,4904.875241730279,538,758435.91,1409.7321747211897,725,525580.22,724.9382344827586,1488,353771.38,237.74958333333333,257,17.42
Norte Shopping,1526,1393985.22,913.4896592398427,419,662805.83,1581.875489260143,335,320676.61,957.2436119402985,362,262204.27,724.3211878453039,410,148298.51,361.7036829268293,172,661009.24,3843.076976744186,224,315537.76,1408.6507142857142,340,247504.75,727.9551470588235,790,169933.47,215.1056582278481,117,6.81
Nações Shopping,1592,1230039.5,772.6378768844221,362,580181.74,1602.7119889502762,273,212368.42,777.9063003663005,437,261577.02,598.5744164759725,520,175912.32,338.2929230769231,138,487218.12,3530.5660869565218,212,292595.62,1380.1680188679245,357,257238.12,720.5549579831933,885,192987.64,218.06512994350285,85,6.01
