shopping_principal,qtd_clientes,valor_total,ticket_medio,vip_hist,premium_hist,potencial_hist,pontual_hist,vip_periodo,premium_periodo,potencial_periodo,pontual_periodo,high_spenders,pct_valor
Balneário Shopping,4410,6709192.72,497.279503053708,1614,856,983,957,907,878,981,1644,672,32.78
Neumarkt Shopping,3337,3803068.04,327.7751012200745,1315,618,721,683,462,557,793,1525,333,18.58
Continente Shopping,3756,3766812.71,313.2489597233966,979,701,978,1098,467,648,896,1745,313,18.4
Garten Shopping,3144,3565403.48,435.126185462199,965,646,789,744,393,538,725,1488,257,17.42
Norte Shopping,1526,1393985.22,365.81042666161824,419,335,362,410,172,224,340,790,117,6.81
Nações Shopping,1592,1230039.5,271.3767995768055,362,273,437,520,138,212,357,885,85,6.01
