shopping_principal,qtd_clientes,valor_total,ticket_medio,clientes_vip_historico,clientes_vip_periodo,high_spenders,pct_valor
Balneário Shopping,4410,6709192.72,497.279503053708,1614,907,672,32.78
Neumarkt Shopping,3337,3803068.04,327.7751012200745,1315,462,333,18.58
Continente Shopping,3756,3766812.71,313.2489597233966,979,467,313,18.4
Garten Shopping,3144,3565403.48,435.126185462199,965,393,257,17.42
Norte Shopping,1526,1393985.22,365.81042666161824,419,172,117,6.81
Nações Shopping,1592,1230039.5,271.3767995768055,362,138,85,6.01
