total_clientes,qtd_high_spenders,threshold,pct_hs
15605,1561,3058.822000000001,10.0032041012496
