faixa_etaria,qtd_clientes,valor_total,pct_clientes
16-24 (Gen Z),1026,876699.98,6.5748157641781475
25-39 (Millennials),5507,6353031.1,35.28997116308875
40-54 (Gen X),6352,10107912.52,40.70490227491189
55-69 (Boomers),2276,3804593.48,14.585068888176867
70+ (Silent),442,751129.21,2.832425504645947
Nao Informado,2,3019.6,0.01281640499839795
