faixa_etaria,qtd_clientes,valor_total,pct_clientes
16-24 (Gen Z),107,64675.03,12.876052948255115
25-39 (Millennials),439,220472.59,52.82791817087846
40-54 (Gen X),242,178022.95,29.121540312876053
55-69 (Boomers),31,26666.35,3.730445246690734
70+ (Silent),5,1608.05,0.601684717208183
Nao Informado,7,8677.23,0.842358604091456
