total_clientes,qtd_high_spenders,threshold,pct_hs
22393,2240,4426.791999999998,10.003125976867771
