faixa_etaria,qtd_clientes,valor_total,pct_clientes
16-24 (Gen Z),1535,2127618.62,6.854820702898228
25-39 (Millennials),8745,15997784.51,39.052382440941365
40-54 (Gen X),8513,18798545.75,38.01634439333721
55-69 (Boomers),2988,6425156.61,13.343455544143259
70+ (Silent),605,1239829.82,2.701737150002233
Nao Informado,7,11715.710000000001,0.03125976867771178
