genero,qtd_clientes,valor_total,pct_clientes
Feminino,9958,11960328.39,63.65786613820879
Masculino,5671,6783952.31,36.252636962219526
Nao Informado,2,2505.87,0.012785271367384771
Outro,12,14104.14,0.07671162820430863
