total_clientes,qtd_high_spenders,threshold,pct_hs
1562,157,1752.142000000001,10.051216389244559
