faixa_etaria,qtd_clientes,valor_total,pct_clientes
Boomers (1946-1964),154,383550.88,5.382733310031457
Gen X (1965-1980),820,766600.82,28.661307235232435
Gen Z (1997-2012),353,292932.16,12.338343236630548
Millennials (1981-1996),1531,1414994.12,53.51275777700105
Silent (antes 1946),3,2333.93,0.10485844110450893
