genero,qtd_clientes,valor_total,pct_clientes
Feminino,1000,758198.57,64.02048655569781
Masculino,560,452480.81,35.85147247119078
Outro,2,2177.54,0.12804097311139565
