faixa_etaria,qtd_hs,valor_total,ticket_medio,pct_hs
Boomers (1946-1964),287,1683099.07,5864.456689895471,8.32608064984044
Gen X (1965-1980),1144,5957943.56,5207.992622377622,33.188279663475484
Gen Z (1997-2012),368,1750583.53,4757.020461956522,10.67595010153757
Millennials (1981-1996),1640,8248016.04,5029.278073170732,47.577603713373954
Silent (antes 1946),8,35012.83,4376.60375,0.23208587177255585
