genero,qtd_hs,valor_total,ticket_medio,pct_hs
Feminino,2277,11375496.81,4995.826442687748,66.0574412532637
Masculino,1167,6289563.78,5389.514807197944,33.855526544821586
Outro,3,9594.44,3198.146666666667,0.08703220191470844
