faixa_etaria,Feminino,Masculino,Nao Informado,Outro
16-24 (Gen Z),1473752.56,730329.21,0.0,7043.65
25-39 (Millennials),10085082.24,5553036.61,272.7,10962.42
40-54 (Gen X),11039249.21,5344186.2,0.0,4155.1900000000005
55-69 (Boomers),3569066.32,1778411.06,364.89,0.0
70+ (Silent),493406.53,373784.63,0.0,0.0
Nao Informado,4298.200000000001,14747.95,10512.83,0.0
