faixa_etaria,Feminino,Masculino,Nao Informado,Outro
16-24 (Gen Z),833.5704524886878,837.5334977064219,0.0,1006.2357142857143
25-39 (Millennials),1041.309472379969,1109.4978241758242,136.35,783.03
40-54 (Gen X),1287.0758085577709,1260.4212735849057,0.0,1038.7975000000001
55-69 (Boomers),1475.430475403059,1370.1163790446842,364.89,0.0
70+ (Silent),1527.5743962848298,1823.3396585365854,0.0,0.0
Nao Informado,358.1833333333334,2106.85,700.8553333333333,0.0
