faixa_etaria,qtd_clientes,valor_total,pct_clientes
Boomers (1946-1964),319,337615.69,5.627094725701181
Gen X (1965-1980),1619,1769963.62,28.558828717586877
Gen Z (1997-2012),821,623886.94,14.482272005644733
Millennials (1981-1996),2903,2826599.07,51.20832598341859
Nao Informado,1,59.99,0.01763979537837361
Silent (antes 1946),6,6006.3,0.10583877227024166
