total_clientes,qtd_high_spenders,threshold,pct_hs
1412,142,1525.7480000000003,10.056657223796034
