faixa_etaria,qtd_clientes,valor_total,pct_clientes
16-24 (Gen Z),167,119827.4,11.827195467422097
25-39 (Millennials),690,449207.34,48.86685552407932
40-54 (Gen X),485,374301.14,34.34844192634561
55-69 (Boomers),49,50862.98,3.4702549575070822
70+ (Silent),7,4024.15,0.49575070821529743
Nao Informado,14,10988.26,0.9915014164305949
