genero,qtd_clientes,valor_total,pct_clientes
Feminino,1096,1056318.41,66.18357487922705
Masculino,557,613239.0,33.63526570048309
Outro,3,2484.46,0.18115942028985507
