faixa_etaria,qtd_clientes,valor_total,pct_clientes
16-24 (Gen Z),60,53303.63,4.3478260869565215
25-39 (Millennials),559,635013.15,40.507246376811594
40-54 (Gen X),592,758380.82,42.89855072463768
55-69 (Boomers),144,215758.99,10.434782608695652
70+ (Silent),25,40431.68,1.8115942028985508
