total_clientes,qtd_high_spenders,threshold,pct_hs
588,59,1682.4120000000007,10.034013605442176
