faixa_etaria,qtd_clientes,valor_total,pct_clientes
Boomers (1946-1964),24,19913.61,4.081632653061225
Gen X (1965-1980),193,176949.49,32.82312925170068
Gen Z (1997-2012),65,31557.68,11.054421768707483
Millennials (1981-1996),306,235990.58,52.04081632653062
