genero,qtd_clientes,valor_total,pct_clientes
Feminino,442,346146.83,75.17006802721087
Masculino,142,116472.83,24.149659863945576
Outro,4,1791.7,0.6802721088435374
