total_clientes,qtd_high_spenders,threshold,pct_hs
1742,175,2127.2000000000035,10.045924225028703
