genero,qtd_clientes,valor_total,pct_clientes
Feminino,292,241714.19,63.34056399132321
Masculino,164,132590.51,35.57483731019523
Nao Informado,3,764.46,0.6507592190889371
Outro,2,591.6800000000001,0.43383947939262474
