genero,qtd_hs,valor_total,ticket_medio,pct_hs
Feminino,883,3711291.16,4203.047746319366,63.61671469740634
Masculino,504,2325710.88,4614.505714285714,36.31123919308357
Outro,1,2667.2999999999997,2667.2999999999997,0.07204610951008646
