faixa_etaria,qtd_hs,valor_total,ticket_medio,pct_hs
Boomers (1946-1964),128,660322.22,5158.76734375,9.221902017291066
Gen X (1965-1980),534,2415206.32,4522.8582771535575,38.472622478386164
Gen Z (1997-2012),104,430987.76,4144.113076923077,7.492795389048991
Millennials (1981-1996),617,2511775.73,4070.9493192868717,44.45244956772335
Silent (antes 1946),5,21377.31,4275.462,0.36023054755043227
