faixa_etaria,Feminino,Masculino,Nao Informado,Outro
16-24 (Gen Z),769.9145823927764,825.5454216867471,0.0,0.0
25-39 (Millennials),897.3733942857142,1028.468254913639,354.16,540.95
40-54 (Gen X),1092.5670976863753,1203.3464237775647,0.0,1111.1899999999998
55-69 (Boomers),1205.8667031118587,1050.850081967213,160.7,0.0
70+ (Silent),1501.060752688172,985.8298076923077,0.0,0.0
Nao Informado,1514.98,3432.1366666666668,113.57,0.0
