perfil_cliente,qtd_clientes,valor_total,ticket_medio,frequencia_media,pct_clientes,pct_valor
VIP,232,1045214.27,1107.1208929525649,9.336206896551724,8.92,46.05
Premium,391,548064.15,318.9570577285652,7.59079283887468,15.03,24.15
Potencial,537,381256.03,225.65637482555087,5.1750465549348235,20.64,16.8
Pontual,1442,295307.88,96.64556559989171,2.7018030513176146,55.42,13.01
