perfil_cliente,qtd_clientes,valor_total,ticket_medio,frequencia_media,pct_clientes,pct_valor
VIP,1798,34912778.39,286.7906853582469,5.333147942157953,69.1,95.2
Premium,331,1218505.31,191.03144315540953,3.1268882175226587,12.72,3.32
Potencial,253,450416.25,146.17259695216217,2.8102766798418974,9.72,1.23
Pontual,220,92552.45,119.28140284437784,2.1545454545454548,8.46,0.25
