shopping_principal,qtd_clientes,valor_total,ticket_medio,vip_hist,vip_valor_hist,vip_ticket_hist,premium_hist,premium_valor_hist,premium_ticket_hist,potencial_hist,potencial_valor_hist,potencial_ticket_hist,pontual_hist,pontual_valor_hist,pontual_ticket_hist,vip_periodo,vip_valor_periodo,vip_ticket_periodo,premium_periodo,premium_valor_periodo,premium_ticket_periodo,potencial_periodo,potencial_valor_periodo,potencial_ticket_periodo,pontual_periodo,pontual_valor_periodo,pontual_ticket_periodo,high_spenders,pct_valor
Balneário Shopping,499,666785.43,1336.243346693387,389,618769.67,1590.667532133676,48,26308.309999999998,548.0897916666667,31,13462.77,434.2829032258065,31,8244.68,265.9574193548387,85,409641.73,4819.314470588235,90,129906.59,1443.4065555555555,115,83477.06,725.8874782608696,209,43760.05,209.37822966507179,91,29.38
Neumarkt Shopping,524,472109.39,900.9721183206107,417,433765.21,1040.204340527578,44,18644.46,423.7377272727272,38,14588.07,383.8965789473684,25,5111.650000000001,204.466,56,207550.1,3706.2517857142857,95,130257.01,1371.1264210526315,109,74764.49,685.912752293578,264,59537.79,225.52193181818183,65,20.8
Continente Shopping,616,422408.62,685.7282792207792,390,343047.93,879.6100769230769,82,40087.76,488.8751219512195,76,25959.010000000002,341.5659210526316,68,13313.92,195.79294117647058,35,145776.94999999998,4165.055714285714,79,111989.94,1417.5941772151898,122,87475.15,717.0094262295081,380,77166.58,203.06994736842105,43,18.61
Garten Shopping,467,417987.04,895.0471948608136,324,369965.59,1141.8691049382717,67,25729.95,384.02910447761195,41,15508.119999999999,378.2468292682927,35,6783.38,193.81085714285715,33,200012.71,6060.991212121212,67,91496.69,1365.6222388059703,105,74029.98,705.0474285714286,262,52447.66,200.18190839694657,36,18.41
Nações Shopping,301,186532.26,619.7085049833887,165,146451.06,887.5821818181818,52,21255.44,408.7584615384615,41,11799.02,287.7809756097561,43,7026.74,163.41255813953487,14,56766.21,4054.7292857142857,39,53309.51,1366.9105128205128,54,38966.81,721.6075925925926,194,37489.73,193.24603092783508,15,8.22
Norte Shopping,195,104019.59,533.4337948717948,113,80978.48,716.6237168141593,38,14284.69,375.91289473684213,26,5127.66,197.2176923076923,18,3628.7599999999998,201.59777777777776,9,25466.57,2829.6188888888887,21,31104.41,1481.162380952381,32,22542.54,704.454375,133,24906.07,187.26368421052632,11,4.58
