shopping_principal,qtd_clientes,valor_total,ticket_medio,clientes_vip_historico,clientes_vip_periodo,high_spenders,pct_valor
Balneário Shopping,499,666785.43,387.1835742604971,389,85,91,29.38
Neumarkt Shopping,524,472109.39,197.01501405110176,417,56,65,20.8
Continente Shopping,616,422408.62,187.51642956006796,390,35,43,18.61
Garten Shopping,467,417987.04,311.8343582587985,324,33,36,18.41
Nações Shopping,301,186532.26,183.650143594536,165,14,15,8.22
Norte Shopping,195,104019.59,149.99336182895982,113,9,11,4.58
