perfil_cliente,qtd_clientes,valor_total,ticket_medio,frequencia_media,pct_clientes,pct_valor
VIP,13629,59298839.97,1254.696378279772,7.412942989214176,17.43,55.1
Premium,17909,25179114.76,457.38432008188903,5.0582947121559,22.91,23.4
Potencial,21488,15691224.91,335.58977996685195,3.3508935219657485,27.48,14.58
Pontual,25155,7456152.78,191.49407719935422,2.0176903200159013,32.18,6.93
