shopping_principal,qtd_clientes,valor_total,ticket_medio,vip_hist,premium_hist,potencial_hist,pontual_hist,vip_periodo,premium_periodo,potencial_periodo,pontual_periodo,high_spenders,pct_valor
Balneário Shopping,19122,34376122.76,570.2070437759388,4467,3370,5137,6148,4823,4704,4794,4801,3012,31.94
Garten Shopping,16023,20080922.99,460.1224685890275,2450,2636,4585,6352,2300,3634,4600,5489,1228,18.66
Neumarkt Shopping,13513,19361906.69,454.520733988747,3193,2527,3505,4288,2528,3134,3624,4227,1477,17.99
Continente Shopping,15871,19215410.93,434.5645800584003,2140,2487,4681,6563,2269,3676,4582,5344,1246,17.85
Nações Shopping,8017,8160677.88,397.4740589962818,774,1000,2325,3918,912,1570,2357,3178,430,7.58
Norte Shopping,5635,6430291.17,500.1304999189958,767,981,1669,2218,797,1191,1531,2116,426,5.97
