shopping_principal,qtd_clientes,valor_total,ticket_medio,clientes_vip_historico,clientes_vip_periodo,high_spenders,pct_valor
Balneário Shopping,19122,34376122.76,570.2070437759388,4467,4823,3012,31.94
Garten Shopping,16023,20080922.99,460.1224685890275,2450,2300,1228,18.66
Neumarkt Shopping,13513,19361906.69,454.520733988747,3193,2528,1477,17.99
Continente Shopping,15871,19215410.93,434.5645800584003,2140,2269,1246,17.85
Nações Shopping,8017,8160677.88,397.4740589962818,774,912,430,7.58
Norte Shopping,5635,6430291.17,500.1304999189958,767,797,426,5.97
