faixa_etaria,qtd_clientes,valor_total,pct_clientes
16-24 (Gen Z),178,117295.37,11.173885750156936
25-39 (Millennials),780,603448.22,48.96421845574388
40-54 (Gen X),553,497306.56,34.714375392341495
55-69 (Boomers),62,69779.3,3.89202762084118
70+ (Silent),7,7515.52,0.4394224733207784
Nao Informado,13,14968.69,0.8160703075957313
