faixa_etaria,qtd_hs,valor_total,ticket_medio,pct_hs
Boomers (1946-1964),392,2670489.37,6812.472882653062,8.426483233018056
Gen X (1965-1980),1576,8862864.51,5623.644993654822,33.87790197764403
Gen Z (1997-2012),410,2076385.01,5064.35368292683,8.8134135855546
Millennials (1981-1996),2259,12109846.3,5360.711066843736,48.559759243336195
Nao Informado,1,6698.0,6698.0,0.021496130696474634
Silent (antes 1946),14,72617.62,5186.972857142857,0.3009458297506449
