genero,qtd_hs,valor_total,ticket_medio,pct_hs
Feminino,2865,14917212.84,5206.706052356021,61.586414445399825
Masculino,1785,10867069.27,6087.993988795518,38.37059329320722
Nao Informado,1,6698.0,6698.0,0.021496130696474634
Outro,1,7920.7,7920.7,0.021496130696474634
