faixa_etaria,Feminino,Masculino,Nao Informado,Outro
16-24 (Gen Z),885.9409115572437,978.1070930232559,0.0,2223.44
25-39 (Millennials),1069.3792568876906,1242.5767063616422,378.095,1060.7920000000001
40-54 (Gen X),1315.2481994297216,1410.4442120941317,0.0,1088.1200000000001
55-69 (Boomers),1418.055263442313,1383.7763455809336,0.0,819.6225
70+ (Silent),1640.0818530351437,2080.010489130435,0.0,0.0
Nao Informado,546.92,1815.2125,1193.9537500000001,0.0
