faixa_etaria,Feminino,Masculino,Nao Informado,Outro
16-24 (Gen Z),1632789.1,1009406.52,0.0,2223.44
25-39 (Millennials),12692462.4,7930124.54,756.19,15911.880000000001
40-54 (Gen X),15683019.53,9469722.44,0.0,5440.6
55-69 (Boomers),5248222.53,2786925.56,0.0,3278.49
70+ (Silent),1026691.24,765443.86,0.0,0.0
Nao Informado,546.92,7260.85,9551.630000000001,0.0
