total_clientes,qtd_high_spenders,threshold,pct_hs
1623,163,2021.3999999999999,10.04313000616143
