faixa_etaria,qtd_clientes,valor_total,pct_clientes
16-24 (Gen Z),17,7762.33,3.7037037037037033
25-39 (Millennials),177,105425.37,38.56209150326798
40-54 (Gen X),197,214874.26,42.91938997821351
55-69 (Boomers),58,43831.630000000005,12.636165577342048
70+ (Silent),9,2500.95,1.9607843137254901
Nao Informado,1,606.48,0.2178649237472767
