faixa_etaria,qtd_clientes,valor_total,pct_clientes
16-24 (Gen Z),1148,1397632.13,5.8297785902904735
25-39 (Millennials),7428,11652359.22,37.72090188909202
40-54 (Gen X),7725,15000045.92,39.229128580134066
55-69 (Boomers),2788,5345330.08,14.158033719276863
70+ (Silent),600,1023853.92,3.0469226081657528
Nao Informado,3,2393.46,0.015234613040828763
