genero,qtd_clientes,valor_total,pct_clientes
Feminino,13337,23625314.8,67.72801137517773
Masculino,6341,10785034.74,32.20089376396506
Outro,14,11265.19,0.07109486085720089
