shopping_principal,qtd_clientes,valor_total,ticket_medio,vip_hist,vip_valor_hist,vip_ticket_hist,premium_hist,premium_valor_hist,premium_ticket_hist,potencial_hist,potencial_valor_hist,potencial_ticket_hist,pontual_hist,pontual_valor_hist,pontual_ticket_hist,vip_periodo,vip_valor_periodo,vip_ticket_periodo,premium_periodo,premium_valor_periodo,premium_ticket_periodo,potencial_periodo,potencial_valor_periodo,potencial_ticket_periodo,pontual_periodo,pontual_valor_periodo,pontual_ticket_periodo,high_spenders,pct_valor
Balneário Shopping,529,535196.01,1011.712684310019,385,473246.45,1229.2115584415585,51,33321.020000000004,653.3533333333335,49,20361.98,415.55061224489793,44,8266.56,187.87636363636364,70,260593.74,3722.767714285714,94,131001.96,1393.6378723404257,124,91386.34,736.9866129032258,241,52213.97,216.65547717842324,98,26.76
Neumarkt Shopping,551,482127.89,875.0052450090744,425,442866.49,1042.0388,55,19369.12,352.16581818181817,37,12874.710000000001,347.96513513513514,34,7017.57,206.3991176470588,48,212773.52000000002,4432.781666666667,77,109108.46,1416.992987012987,129,92576.77,717.6493798449612,297,67669.14,227.84222222222223,75,24.11
Continente Shopping,761,435084.2,571.726938239159,410,331976.53,809.6988536585367,107,44169.83,412.8021495327103,110,31254.82,284.1347272727273,134,27683.02,206.58970149253733,20,112945.24,5647.262000000001,90,120473.72,1338.596888888889,150,107048.32,713.6554666666667,501,94616.92,188.85612774451099,43,21.75
Garten Shopping,477,294872.68,618.1817190775681,325,233400.44,718.1552,69,39253.47,568.8908695652174,47,16588.41,352.94489361702125,36,5630.36,156.39888888888888,20,67622.69,3381.1345,65,88748.7,1365.3646153846153,123,85384.55,694.1833333333334,269,53116.74,197.45999999999998,38,14.74
Norte Shopping,241,136751.9,567.4352697095435,150,105525.45,703.5029999999999,43,15865.64,368.9683720930232,25,10336.91,413.4764,23,5023.9,218.43043478260867,10,36237.54,3623.754,26,34529.770000000004,1328.0680769230771,53,36968.96,697.5275471698113,152,29015.63,190.89230263157896,17,6.84
Nações Shopping,278,115925.53,416.998309352518,139,80401.18000000001,578.4257553956835,47,17614.54,374.77744680851066,48,11444.76,238.4325,44,6465.05,146.93295454545455,8,20977.27,2622.15875,14,19558.18,1397.0128571428572,56,37730.56,673.76,200,37659.52,188.2976,13,5.8
