shopping_principal,qtd_clientes,valor_total,ticket_medio,vip_hist,premium_hist,potencial_hist,pontual_hist,vip_periodo,premium_periodo,potencial_periodo,pontual_periodo,high_spenders,pct_valor
Balneário Shopping,529,535196.01,316.4668780931731,385,51,49,44,70,94,124,241,98,26.76
Neumarkt Shopping,551,482127.89,207.52092887771306,425,55,37,34,48,77,129,297,75,24.11
Continente Shopping,761,435084.2,145.64584507307532,410,107,110,134,20,90,150,501,43,21.75
Garten Shopping,477,294872.68,192.75726998289593,325,69,47,36,20,65,123,269,38,14.74
Norte Shopping,241,136751.9,217.36352188847394,150,43,25,23,10,26,53,152,17,6.84
Nações Shopping,278,115925.53,164.25323848702962,139,47,48,44,8,14,56,200,13,5.8
