perfil_cliente,qtd_clientes,valor_total,ticket_medio,frequencia_media,pct_clientes,pct_valor
VIP,176,711150.0,827.9469219844657,8.829545454545455,6.2,35.56
Premium,366,503420.79,339.09714643138096,7.278688524590164,12.9,25.17
Potencial,635,451095.5,241.67438413491715,4.937007874015748,22.38,22.56
Pontual,1660,334291.92,95.95920330786313,2.6048192771084335,58.51,16.71
