perfil_cliente,qtd_clientes,valor_total,ticket_medio,frequencia_media,pct_clientes,pct_valor
VIP,1834,34331274.39,237.2309719744594,4.8800436205016355,64.65,94.33
Premium,372,1387555.72,176.86776129661112,3.2688172043010755,13.11,3.81
Potencial,316,544939.24,151.0079405144594,2.75,11.14,1.5
Pontual,315,132466.76,107.90097229780801,2.038095238095238,11.1,0.36
