shopping_principal,qtd_clientes,valor_total,ticket_medio,clientes_vip_historico,clientes_vip_periodo,high_spenders,pct_valor
Balneário Shopping,529,535196.01,316.4668780931731,385,70,98,26.76
Neumarkt Shopping,551,482127.89,207.52092887771306,425,48,75,24.11
Continente Shopping,761,435084.2,145.64584507307532,410,20,43,21.75
Garten Shopping,477,294872.68,192.75726998289593,325,20,38,14.74
Norte Shopping,241,136751.9,217.36352188847394,150,10,17,6.84
Nações Shopping,278,115925.53,164.25323848702962,139,8,13,5.8
