total_clientes,qtd_high_spenders,threshold,pct_hs
2374,238,4118.7300000000005,10.025273799494524
