total_clientes,qtd_high_spenders,threshold,pct_hs
2748,275,2840.3550000000005,10.007278020378457
