faixa_etaria,qtd_clientes,valor_total,pct_clientes
16-24 (Gen Z),181,241274.9,7.624262847514743
25-39 (Millennials),1138,1725597.11,47.93597304128054
40-54 (Gen X),894,1575141.65,37.65796124684078
55-69 (Boomers),124,286555.52,5.223251895534962
70+ (Silent),24,59006.520000000004,1.0109519797809603
Nao Informado,13,5112.66,0.5475989890480202
