faixa_etaria,qtd_clientes,valor_total,pct_clientes
Boomers (1946-1964),13,11520.21,1.8544935805991443
Gen X (1965-1980),127,105306.65,18.116975748930102
Gen Z (1997-2012),160,105267.65,22.82453637660485
Millennials (1981-1996),396,287151.86,56.490727532097004
Nao Informado,4,694.14,0.5706134094151213
Silent (antes 1946),1,849.37,0.14265335235378032
