total_clientes,qtd_high_spenders,threshold,pct_hs
1094,110,1410.7610000000002,10.054844606946983
