faixa_etaria,qtd_clientes,valor_total,pct_clientes
16-24 (Gen Z),86,56848.99,10.817610062893083
25-39 (Millennials),388,273566.6,48.80503144654088
40-54 (Gen X),279,264092.87,35.094339622641506
55-69 (Boomers),37,54654.11,4.654088050314465
70+ (Silent),1,768.9,0.12578616352201258
Nao Informado,4,2182.65,0.5031446540880503
