genero,qtd_clientes,valor_total,pct_clientes
Feminino,265,202557.34,68.29896907216495
Masculino,123,85839.04,31.70103092783505
