total_clientes,qtd_high_spenders,threshold,pct_hs
888,89,2046.8680000000002,10.022522522522523
