genero,qtd_clientes,valor_total,pct_clientes
Feminino,656,568951.24,73.87387387387388
Masculino,231,190800.8,26.013513513513516
Nao Informado,1,173.09,0.11261261261261261
