faixa_etaria,qtd_clientes,valor_total,pct_clientes
16-24 (Gen Z),54,39672.86,6.081081081081082
25-39 (Millennials),328,225581.09,36.93693693693694
40-54 (Gen X),397,385011.22,44.707207207207205
55-69 (Boomers),94,101633.9,10.585585585585585
70+ (Silent),14,7987.16,1.5765765765765765
Nao Informado,1,38.9,0.11261261261261261
