shopping_principal,qtd_clientes,valor_total,ticket_medio,clientes_vip_historico,clientes_vip_periodo,high_spenders,pct_valor
Balneário Shopping,387,410687.62,320.8258323198373,225,62,74,26.53
Neumarkt Shopping,442,334601.04,247.70683563784712,264,31,46,21.61
Continente Shopping,483,323502.27999999997,236.50010231892773,226,35,38,20.9
Garten Shopping,420,257904.25,223.21831626272848,204,19,27,16.66
Nações Shopping,197,120760.16,226.81920630294502,81,9,14,7.8
Norte Shopping,152,100584.3,257.4813466173919,78,8,10,6.5
