shopping_principal,qtd_clientes,valor_total,ticket_medio,vip_hist,premium_hist,potencial_hist,pontual_hist,vip_periodo,premium_periodo,potencial_periodo,pontual_periodo,high_spenders,pct_valor
Balneário Shopping,387,410687.62,320.8258323198373,225,54,53,55,62,70,76,179,74,26.53
Neumarkt Shopping,442,334601.04,247.70683563784712,264,79,57,42,31,77,99,235,46,21.61
Continente Shopping,483,323502.27999999997,236.50010231892773,226,97,82,78,35,51,99,298,38,20.9
Garten Shopping,420,257904.25,223.21831626272848,204,67,86,63,19,65,80,256,27,16.66
Nações Shopping,197,120760.16,226.81920630294502,81,25,45,46,9,21,34,133,14,7.8
Norte Shopping,152,100584.3,257.4813466173919,78,23,25,26,8,18,28,98,10,6.5
