shopping_principal,qtd_clientes,valor_total,ticket_medio,vip_hist,vip_valor_hist,vip_ticket_hist,premium_hist,premium_valor_hist,premium_ticket_hist,potencial_hist,potencial_valor_hist,potencial_ticket_hist,pontual_hist,pontual_valor_hist,pontual_ticket_hist,vip_periodo,vip_valor_periodo,vip_ticket_periodo,premium_periodo,premium_valor_periodo,premium_ticket_periodo,potencial_periodo,potencial_valor_periodo,potencial_ticket_periodo,pontual_periodo,pontual_valor_periodo,pontual_ticket_periodo,high_spenders,pct_valor
Balneário Shopping,387,410687.62,320.8258323198373,225,326465.31,375.08024314375166,54,40153.64,310.77964939073274,53,30255.38,284.26419182389935,55,13813.29,143.97162121212122,62,220548.62,847.1342909157836,70,96681.36,369.38024172236493,76,55507.69,283.13590548815216,179,37949.95,135.54371694599627,74,26.53
Neumarkt Shopping,442,334601.04,247.70683563784712,264,237626.27,258.769941865909,79,57489.47,265.4211809825196,57,30297.37,244.57235792472633,42,9187.93,149.10140476190477,31,106472.33,953.8453031319606,77,105885.35,368.85456654980277,99,71750.81,249.5989066699294,235,50492.55,114.06435561778648,46,21.61
Continente Shopping,483,323502.27999999997,236.50010231892773,226,217653.86,313.4809189074982,97,46867.95,157.0755699967272,82,36968.44,236.25415089043747,78,22012.03,112.4832190288344,35,128762.89,1267.9111528098765,51,63490.58,361.4590958761566,99,69780.56,219.21457339461884,298,61468.25,99.71812891256768,38,20.9
Garten Shopping,420,257904.25,223.21831626272848,204,152776.07,251.70059459182602,67,47272.55,255.9727437497387,86,42419.08,189.3560488648948,63,15436.55,142.38059523809525,19,61917.119999999995,857.2369321102874,65,85992.86,439.12494953379957,80,54214.0,244.8835408421622,256,55780.27,114.5718208327365,27,16.66
Nações Shopping,197,120760.16,226.81920630294502,81,76842.23,313.6283750627242,25,17339.97,283.15709000000004,45,16631.19,148.86806956993624,46,9946.77,119.59771480331264,9,39919.770000000004,934.6798441358026,21,29956.83,584.148537037037,34,23078.07,278.79286662935647,133,27805.49,109.21194211490264,14,7.8
Norte Shopping,152,100584.3,257.4813466173919,78,64016.340000000004,226.71286107519933,23,17189.670000000002,540.0190559006212,25,12470.199999999999,247.41699047619048,26,6908.09,109.52686439842208,8,34679.38,1870.3282291666667,18,22662.56,379.60758862433863,28,20391.22,195.81386643118785,98,22851.14,121.00830609386612,10,6.5
