perfil_cliente,qtd_clientes,valor_total,ticket_medio,frequencia_media,pct_clientes,pct_valor
VIP,164,592300.11,1012.9918714808905,7.182926829268292,7.88,38.26
Premium,302,404669.54,398.4636093619112,5.758278145695364,14.51,26.14
Potencial,416,294722.35,246.354068116188,4.5673076923076925,19.99,19.04
Pontual,1199,256347.65,113.84306901678048,2.3869891576313593,57.62,16.56
