shopping_principal,qtd_clientes,valor_total,ticket_medio,clientes_vip_historico,clientes_vip_periodo,high_spenders,pct_valor
Balneário Shopping,8959,13760657.1,592.1504550929013,2471,1880,1377,33.98
Neumarkt Shopping,5951,7228052.71,445.3377713721555,1812,868,601,17.85
Continente Shopping,6180,6633381.68,439.8948151887399,1270,783,517,16.38
Garten Shopping,5791,6154711.08,476.7310806514345,1295,664,449,15.2
Nações Shopping,4167,3615521.16,386.4021330966641,549,361,247,8.93
Norte Shopping,3401,3098794.42,454.2755981381447,567,356,254,7.65
