perfil_cliente,qtd_clientes,valor_total,ticket_medio,frequencia_media,pct_clientes,pct_valor
VIP,4912,20973501.98,1502.6233399548673,6.154519543973941,14.26,51.8
Premium,6711,9361003.9,538.2565168274226,4.534197586052749,19.48,23.12
Potencial,8911,6415220.23,357.62184118309386,3.228481651890921,25.87,15.84
Pontual,13915,3741392.04,173.18117796218533,2.0814229249011857,40.39,9.24
