perfil_cliente,qtd_clientes,valor_total,ticket_medio,frequencia_media,pct_clientes,pct_valor
VIP,7964,105933963.19,785.6291327125628,5.6538171772978405,23.12,71.63
Premium,6065,21660870.22,561.5926426715082,3.8573784006595218,17.61,14.65
Potencial,8783,14465303.17,435.1323579244558,3.0215188432198565,25.5,9.78
Pontual,11637,5834463.83,266.8327196044907,2.013577382486895,33.78,3.95
