shopping_principal,qtd_clientes,valor_total,ticket_medio,vip_hist,premium_hist,potencial_hist,pontual_hist,vip_periodo,premium_periodo,potencial_periodo,pontual_periodo,high_spenders,pct_valor
Balneário Shopping,8959,13760657.1,592.1504550929013,2471,1585,2166,2737,1880,1995,2297,2787,1377,33.98
Neumarkt Shopping,5951,7228052.71,445.3377713721555,1812,1135,1457,1547,868,1145,1477,2461,601,17.85
Continente Shopping,6180,6633381.68,439.8948151887399,1270,1154,1694,2062,783,1199,1678,2520,517,16.38
Garten Shopping,5791,6154711.08,476.7310806514345,1295,997,1551,1948,664,1153,1532,2442,449,15.2
Nações Shopping,4167,3615521.16,386.4021330966641,549,584,1041,1993,361,698,1056,2052,247,8.93
Norte Shopping,3401,3098794.42,454.2755981381447,567,610,874,1350,356,521,871,1653,254,7.65
