shopping_principal,qtd_clientes,valor_total,ticket_medio,vip_hist,premium_hist,potencial_hist,pontual_hist,vip_periodo,premium_periodo,potencial_periodo,pontual_periodo,high_spenders,pct_valor
Garten Shopping,2292,2369133.27,523.8967056561129,700,388,545,659,241,407,633,1011,190,24.54
Neumarkt Shopping,1803,2013165.75,464.12789795503573,833,329,301,340,246,335,457,765,192,20.85
Balneário Shopping,1337,1697761.5,486.0066695416847,618,196,227,296,219,259,337,522,176,17.58
Continente Shopping,1643,1668748.69,430.18016646312094,541,250,411,441,212,301,444,686,163,17.28
Nações Shopping,1185,1154176.36,506.27389029231745,284,189,261,451,142,169,239,635,121,11.95
Norte Shopping,822,751985.38,503.3650083399934,235,119,189,279,82,122,182,436,67,7.79
