shopping_principal,qtd_clientes,valor_total,ticket_medio,vip_hist,vip_valor_hist,vip_ticket_hist,premium_hist,premium_valor_hist,premium_ticket_hist,potencial_hist,potencial_valor_hist,potencial_ticket_hist,pontual_hist,pontual_valor_hist,pontual_ticket_hist,vip_periodo,vip_valor_periodo,vip_ticket_periodo,premium_periodo,premium_valor_periodo,premium_ticket_periodo,potencial_periodo,potencial_valor_periodo,potencial_ticket_periodo,pontual_periodo,pontual_valor_periodo,pontual_ticket_periodo,high_spenders,pct_valor
Garten Shopping,2292,2369133.27,1033.6532591623036,700,1255876.64,1794.1094857142855,388,398274.64,1026.481030927835,545,439655.03,806.7064770642203,659,275326.96,417.7950834597876,241,1081800.64,4488.799336099584,407,566952.47,1393.0036117936118,633,455586.42,719.7257819905213,1011,264793.74,261.9127002967359,190,24.54
Neumarkt Shopping,1803,2013165.75,1116.564475873544,833,1330635.17,1597.4011644657862,329,318566.1,968.286018237082,301,233674.94,776.3287043189368,340,130289.54,383.20452941176467,246,1033417.12,4200.882601626016,335,464247.41000000003,1385.8131641791047,457,330241.43,722.6289496717724,765,185259.79,242.16966013071897,192,20.85
Balneário Shopping,1337,1697761.5,1269.8290949887808,618,1127777.73,1824.8830582524272,196,241806.49,1233.706581632653,227,204531.01,901.017665198238,296,123646.27,417.72388513513516,219,955898.75,4364.834474885844,259,368132.85,1421.3623552123552,337,246405.22,731.172759643917,522,127324.68000000001,243.91701149425288,176,17.58
Continente Shopping,1643,1668748.69,1015.671752891053,541,795317.95,1470.0886321626617,250,300429.1,1201.7163999999998,411,378515.28,920.9617518248176,441,194486.36,441.0121541950113,212,759299.37,3581.6008018867924,301,414917.0,1378.4617940199334,444,318703.49,717.8006531531531,686,175828.83,256.3102478134111,163,17.28
Nações Shopping,1185,1154176.36,973.9884894514769,284,566240.65,1993.805105633803,189,237694.1,1257.6407407407407,261,206211.84,790.0836781609195,451,144029.77,319.3564745011086,142,609792.7,4294.314788732394,169,232668.12,1376.7344378698224,239,170035.81,711.4469037656904,635,141679.73,223.1176850393701,121,11.95
Norte Shopping,822,751985.38,914.8240632603406,235,350014.87,1489.4249787234041,119,158325.4,1330.4655462184874,189,141661.98,749.5342857142857,279,101983.13,365.5309318996416,82,344268.1,4198.391463414634,122,172434.47,1413.3972950819673,182,131812.36000000002,724.2437362637363,436,103470.45,237.31754587155962,67,7.79
