shopping_principal,qtd_clientes,valor_total,ticket_medio,clientes_vip_historico,clientes_vip_periodo,high_spenders,pct_valor
Garten Shopping,2292,2369133.27,523.8967056561129,700,241,190,24.54
Neumarkt Shopping,1803,2013165.75,464.12789795503573,833,246,192,20.85
Balneário Shopping,1337,1697761.5,486.0066695416847,618,219,176,17.58
Continente Shopping,1643,1668748.69,430.18016646312094,541,212,163,17.28
Nações Shopping,1185,1154176.36,506.27389029231745,284,142,121,11.95
Norte Shopping,822,751985.38,503.3650083399934,235,82,67,7.79
