faixa_etaria,qtd_clientes,valor_total,pct_clientes
16-24 (Gen Z),451,316895.72000000003,7.700187809458766
25-39 (Millennials),2561,2396917.05,43.72545671845655
40-54 (Gen X),2179,2503665.81,37.20334642308349
55-69 (Boomers),605,818575.43,10.329520232200785
70+ (Silent),60,112235.02,1.0244152296397473
Nao Informado,1,446.5,0.017073587160662457
