genero,qtd_clientes,valor_total,pct_clientes
Feminino,2297,1911898.72,61.53227966782748
Masculino,1431,1300973.77,38.33377980176802
Nao Informado,3,3448.0,0.08036431824270024
Outro,2,1231.92,0.05357621216180017
