faixa_etaria,qtd_clientes,valor_total,pct_clientes
Boomers (1946-1964),296,472010.4,5.053781799556087
Gen X (1965-1980),1544,1878278.95,26.361618576062828
Gen Z (1997-2012),1062,826753.97,18.13214956462353
Millennials (1981-1996),2946,2965681.72,50.298787775311595
Nao Informado,1,446.5,0.017073587160662457
Silent (antes 1946),8,5563.99,0.13658869728529965
