total_clientes,qtd_high_spenders,threshold,pct_hs
68,7,751.9640000000011,10.294117647058822
