genero,qtd_clientes,valor_total,pct_clientes
Feminino,40,14368.42,58.82352941176471
Masculino,28,15178.99,41.17647058823529
