faixa_etaria,qtd_clientes,valor_total,pct_clientes
Boomers (1946-1964),2,1010.78,2.941176470588235
Gen X (1965-1980),18,8992.48,26.47058823529412
Gen Z (1997-2012),9,2040.03,13.23529411764706
Millennials (1981-1996),39,17504.12,57.35294117647059
