perfil_cliente,qtd_clientes,valor_total,ticket_medio,frequencia_media,pct_clientes,pct_valor
VIP,5072,73827571.45,761.2905356846711,6.571372239747634,25.06,76.14
Premium,3316,11870471.71,615.2085155566049,3.399276236429433,16.38,12.24
Potencial,4715,7767438.0,485.8209802861445,2.7985153764581123,23.29,8.01
Pontual,7140,3503603.29,278.6094443375563,1.9443977591036414,35.27,3.61
