shopping_principal,qtd_clientes,valor_total,ticket_medio,vip_hist,vip_valor_hist,vip_ticket_hist,premium_hist,premium_valor_hist,premium_ticket_hist,potencial_hist,potencial_valor_hist,potencial_ticket_hist,pontual_hist,pontual_valor_hist,pontual_ticket_hist,vip_periodo,vip_valor_periodo,vip_ticket_periodo,premium_periodo,premium_valor_periodo,premium_ticket_periodo,potencial_periodo,potencial_valor_periodo,potencial_ticket_periodo,pontual_periodo,pontual_valor_periodo,pontual_ticket_periodo,high_spenders,pct_valor
Balneário Shopping,3609,5802379.89,1607.7528096425601,1237,3699243.35,2990.495836701698,603,843963.92,1399.6084908789387,752,810837.67,1078.2415824468085,1017,448334.95,440.8406588003933,782,3636587.61,4650.367787723785,837,1200493.15,1434.2809438470729,919,665877.38,724.5673340587596,1071,299421.75,279.57212885154064,558,23.72
Continente Shopping,4384,5497827.48,1254.0664872262776,915,2520248.04,2754.369442622951,718,1084077.98,1509.8579108635097,1131,1156568.16,1022.6066843501326,1620,736933.3,454.89709876543213,655,2842912.69,4340.3247175572515,934,1303154.56,1395.2404282655248,1204,883518.88,733.8196677740864,1591,468241.35,294.30631678189815,461,22.47
Garten Shopping,4870,5213362.31,1070.5056078028747,1049,2428759.89,2315.3097140133464,804,988463.77,1229.4325497512439,1161,1029981.27,887.1501033591732,1856,766157.38,412.8003125,588,2400634.57,4082.7118537414963,895,1253453.48,1400.5066815642458,1382,998333.71,722.3832923299566,2005,560940.55,279.7708478802993,387,21.31
Neumarkt Shopping,3412,4332569.07,1269.8033616647128,1209,2616931.24,2164.5419685690654,631,734322.65,1163.7442947702061,711,615941.33,866.3028551336146,861,365373.85,424.3598722415795,557,2313606.87,4153.692764811491,715,1006662.88,1407.920111888112,909,657712.49,723.556094609461,1231,354586.83,288.0477904142973,383,17.71
Nações Shopping,2107,1959987.86,930.2267963929759,320,668999.29,2090.62278125,309,424385.88,1373.4170873786409,504,462060.92,916.7875396825397,974,404541.77,415.34062628336756,197,731361.28,3712.493807106599,398,550682.84,1383.6252261306531,602,431097.94,716.1095348837209,910,246845.8,271.25912087912087,127,8.01
Norte Shopping,1861,1656848.58,890.3001504567437,342,592417.33,1732.2144152046783,251,323296.64,1288.034422310757,456,409794.56,898.6722807017544,812,331340.05,408.0542487684729,191,639419.0700000001,3347.7438219895294,290,404744.68,1395.6713103448276,517,370059.24,715.7818955512572,863,242625.59,281.14205098493625,109,6.77
