shopping_principal,qtd_clientes,valor_total,ticket_medio,vip_hist,vip_valor_hist,vip_ticket_hist,premium_hist,premium_valor_hist,premium_ticket_hist,potencial_hist,potencial_valor_hist,potencial_ticket_hist,pontual_hist,pontual_valor_hist,pontual_ticket_hist,vip_periodo,vip_valor_periodo,vip_ticket_periodo,premium_periodo,premium_valor_periodo,premium_ticket_periodo,potencial_periodo,potencial_valor_periodo,potencial_ticket_periodo,pontual_periodo,pontual_valor_periodo,pontual_ticket_periodo,high_spenders,pct_valor
Balneário Shopping,3609,5802379.89,578.8184440406103,1237,3699243.35,804.4061810603567,603,843963.92,645.5188817783009,752,810837.67,529.2518507702404,1017,448334.95,301.53396369652415,782,3636587.61,1282.8768811437174,837,1200493.15,592.0879704542734,919,665877.38,410.24451357981883,1071,299421.75,199.0230665154951,558,23.72
Continente Shopping,4384,5497827.48,519.9336647603949,915,2520248.04,833.2966068376486,718,1084077.98,685.2401736269591,1131,1156568.16,494.9026370119958,1620,736933.3,287.1515209434562,655,2842912.69,1546.9117835220368,934,1303154.56,548.035571022823,1204,883518.88,376.2020096213118,1591,468241.35,189.4088781792968,461,22.47
Garten Shopping,4870,5213362.31,478.1806582824695,1049,2428759.89,829.0588345250355,804,988463.77,553.7302637083411,1161,1029981.27,448.0698195954682,1856,766157.38,265.9746206072304,588,2400634.57,1570.9275131271331,895,1253453.48,564.8360388367986,1382,998333.71,372.17633247283044,2005,560940.55,192.0989934566016,387,21.31
Neumarkt Shopping,3412,4332569.07,511.5609701523255,1209,2616931.24,659.7678790704299,631,734322.65,583.5893808072475,711,615941.33,471.77982766113763,861,365373.85,283.51487526962006,557,2313606.87,1353.0010573912482,715,1006662.88,572.1632747822339,909,657712.49,376.6170980955538,1231,354586.83,195.2743765675497,383,17.71
Nações Shopping,2107,1959987.86,433.01367813867535,320,668999.29,642.1431355550801,309,424385.88,610.7398245839876,504,462060.92,506.3397172783076,974,404541.77,269.9796644310515,197,731361.28,1291.213886645869,398,550682.84,613.2193071876743,602,431097.94,402.38333720579897,910,246845.8,188.67541858282132,127,8.01
Norte Shopping,1861,1656848.58,444.02137695432185,342,592417.33,675.2072198070317,251,323296.64,623.9779685334591,456,409794.56,487.0041936046249,812,331340.05,266.8848903354445,191,639419.0700000001,1583.7935765818565,290,404744.68,599.9080871179242,517,370059.24,354.4370260922786,863,242625.59,193.04973537769686,109,6.77
