shopping_principal,qtd_clientes,valor_total,ticket_medio,clientes_vip_historico,clientes_vip_periodo,high_spenders,pct_valor
Balneário Shopping,3609,5802379.89,578.8184440406103,1237,782,558,23.72
Continente Shopping,4384,5497827.48,519.9336647603949,915,655,461,22.47
Garten Shopping,4870,5213362.31,478.1806582824695,1049,588,387,21.31
Neumarkt Shopping,3412,4332569.07,511.5609701523255,1209,557,383,17.71
Nações Shopping,2107,1959987.86,433.01367813867535,320,197,127,8.01
Norte Shopping,1861,1656848.58,444.02137695432185,342,191,109,6.77
