total_clientes,qtd_high_spenders,threshold,pct_hs
597,60,1660.6819999999996,10.050251256281408
