genero,qtd_clientes,valor_total,pct_clientes
Feminino,409,314661.93,68.50921273031825
Masculino,188,163093.9,31.490787269681743
