faixa_etaria,qtd_clientes,valor_total,pct_clientes
Boomers (1946-1964),21,20562.93,3.5175879396984926
Gen X (1965-1980),137,125570.5,22.948073701842546
Gen Z (1997-2012),101,58080.63,16.917922948073702
Millennials (1981-1996),338,273541.77,56.61641541038526
