faixa_etaria,qtd_hs,valor_total,ticket_medio,pct_hs
16-24 (Gen Z),307,1773303.68,5776.23348534202,3.0985062575696407
25-39 (Millennials),3186,19435540.22,6100.295109855618,32.155833669761805
40-54 (Gen X),4570,29925545.2,6548.259343544858,46.124343964473155
55-69 (Boomers),1556,10517853.65,6759.546047557841,15.704481227291078
70+ (Silent),287,1919846.94,6689.362160278745,2.896649172385951
Nao Informado,2,49779.009999999995,24889.504999999997,0.020185708518368994
