genero,qtd_hs,valor_total,ticket_medio,pct_hs
Feminino,6447,40315803.04,6253.420666976888,65.06863140896245
Masculino,3456,23286661.86,6738.038732638889,34.880904319741624
Outro,5,19403.8,3880.7599999999998,0.050464271295922486
