faixa_etaria,Feminino,Masculino,Nao Informado,Outro
16-24 (Gen Z),1049.7870368378597,1031.3506377915278,0.0,566.4384615384615
25-39 (Millennials),1338.9131750255885,1338.8777617123822,505.9275,1033.5875
40-54 (Gen X),1693.8001059475077,1586.9031560660853,243.75666666666666,837.6547619047619
55-69 (Boomers),1692.2682992874109,1630.8262408223202,0.0,712.2950000000001
70+ (Silent),1582.3543679682332,1840.9743628013775,0.0,443.335
Nao Informado,857.167,5720.967,0.0,0.0
