genero,qtd_clientes,valor_total,pct_clientes
Feminino,1398,1784360.0,77.58046614872363
Masculino,402,476842.86,22.308546059933406
Nao Informado,2,2942.49,0.11098779134295228
