faixa_etaria,qtd_clientes,valor_total,pct_clientes
16-24 (Gen Z),80,81690.21,4.439511653718091
25-39 (Millennials),580,725094.84,32.18645948945616
40-54 (Gen X),854,1090933.54,47.39178690344062
55-69 (Boomers),249,317619.77,13.81798002219756
70+ (Silent),38,45934.49,2.108768035516093
Nao Informado,1,2872.5,0.05549389567147614
