total_clientes,qtd_high_spenders,threshold,pct_hs
14247,1425,2729.8759999999997,10.00210570646452
