faixa_etaria,qtd_clientes,valor_total,pct_clientes
16-24 (Gen Z),904,881378.78,6.345195479750123
25-39 (Millennials),5706,6968827.73,40.05053695514845
40-54 (Gen X),5723,8536954.19,40.169860321471184
55-69 (Boomers),1659,2507704.09,11.644556748789219
70+ (Silent),233,575493.81,1.6354320207763038
Nao Informado,22,28341.61,0.15441847406471537
