genero,qtd_clientes,valor_total,pct_clientes
Feminino,694,564933.86,68.71287128712872
Masculino,315,244523.29,31.18811881188119
Outro,1,505.09,0.09900990099009901
