genero,qtd_clientes,valor_total,pct_clientes
Feminino,675,836387.86,76.01351351351352
Masculino,213,234438.14,23.986486486486484
