total_clientes,qtd_high_spenders,threshold,pct_hs
1381,139,1924.8999999999999,10.06517016654598
