genero,qtd_clientes,valor_total,pct_clientes
Feminino,316,200173.79,57.87545787545788
Masculino,229,213332.06,41.94139194139194
Outro,1,1850.0,0.18315018315018314
