faixa_etaria,qtd_clientes,valor_total,pct_clientes
Boomers (1946-1964),655,757856.77,6.122067482942331
Gen X (1965-1980),2735,3331121.54,25.563136741751563
Gen Z (1997-2012),1765,1568105.21,16.49686886624918
Millennials (1981-1996),5521,6002888.64,51.60295354706047
Nao Informado,2,2160.94,0.01869333582577811
Silent (antes 1946),21,21105.85,0.19628002617067017
