total_clientes,qtd_high_spenders,threshold,pct_hs
3193,320,1816.9560000000001,10.021922956467272
