faixa_etaria,qtd_clientes,valor_total,pct_clientes
Boomers (1946-1964),311,290782.92,9.74005637331663
Gen X (1965-1980),1062,1014689.02,33.260256811775754
Gen Z (1997-2012),326,239673.23,10.209834011901034
Millennials (1981-1996),1482,1161107.63,46.41403069213905
Silent (antes 1946),12,36581.82,0.3758221108675227
