genero,qtd_clientes,valor_total,pct_clientes
Feminino,2196,1918065.84,68.77544628875665
Masculino,996,822579.98,31.19323520200438
Outro,1,2188.8,0.03131850923896023
