faixa_etaria,qtd_clientes,valor_total,pct_clientes
Boomers (1946-1964),1377,2259024.37,7.066249294401396
Gen X (1965-1980),5883,8968165.45,30.189357007235596
Gen Z (1997-2012),2826,2833083.34,14.501975676091753
Millennials (1981-1996),9362,12226880.38,48.042284599989735
Nao Informado,1,474.9,0.0051316262123466926
Silent (antes 1946),38,93996.34,0.19500179606917434
