total_clientes,qtd_high_spenders,threshold,pct_hs
844,85,2279.9940000000024,10.071090047393366
