faixa_etaria,qtd_clientes,valor_total,pct_clientes
16-24 (Gen Z),52,51676.51,6.161137440758294
25-39 (Millennials),341,361381.86,40.40284360189573
40-54 (Gen X),337,324730.11,39.92890995260663
55-69 (Boomers),100,106148.41,11.848341232227488
70+ (Silent),13,8460.7,1.5402843601895735
Nao Informado,1,239.91,0.11848341232227488
