genero,qtd_clientes,valor_total,pct_clientes
Feminino,415,479776.34,76.7097966728281
Masculino,125,163318.05,23.10536044362292
Nao Informado,1,1035.0,0.18484288354898337
