shopping_principal,qtd_clientes,valor_total,ticket_medio,vip_hist,vip_valor_hist,vip_ticket_hist,premium_hist,premium_valor_hist,premium_ticket_hist,potencial_hist,potencial_valor_hist,potencial_ticket_hist,pontual_hist,pontual_valor_hist,pontual_ticket_hist,vip_periodo,vip_valor_periodo,vip_ticket_periodo,premium_periodo,premium_valor_periodo,premium_ticket_periodo,potencial_periodo,potencial_valor_periodo,potencial_ticket_periodo,pontual_periodo,pontual_valor_periodo,pontual_ticket_periodo,high_spenders,pct_valor
Balneário Shopping,864,1074407.43,411.20277981459475,501,812219.78,417.4696434254096,114,106801.33,467.0103122294372,123,103996.89,487.47755149051494,126,51389.43,261.3333013983371,143,593142.84,956.4057740305552,186,256054.1,492.7257792354748,212,150524.14,356.6907758344904,323,74686.35,158.66172340164135,143,29.03
Continente Shopping,1001,815206.25,324.6011592084441,464,511019.99,335.1144441580611,141,109213.65,362.34855128151173,178,114585.08,355.38561169074376,218,80387.53,252.67373241590215,77,311205.84,1467.9425660410627,160,216808.02,480.00398750328156,235,170212.95,299.25353837644803,529,116979.44,122.43660352268505,77,22.03
Neumarkt Shopping,851,758247.16,269.6759186341463,563,623748.2,277.0637450374267,101,53903.56,232.6896858007229,92,48877.1,283.10453299689436,95,31718.3,252.21097894736843,95,349430.91,845.2822200331805,129,179690.58,395.62833829649935,197,141506.34,255.1652166441849,430,87619.33,111.36928496593845,95,20.49
Garten Shopping,683,497953.08,258.8304421516188,395,366202.65,278.0927325132411,108,68505.06,310.5422126690183,81,38274.03,234.52806804820693,99,24971.34,145.44676936026934,48,184605.75,1184.262890693168,94,131113.87,420.99735804582986,151,106998.83,260.75619071270893,390,75234.63,105.09906867270905,48,13.46
Nações Shopping,543,354231.44,319.72399609634704,188,184511.84,343.0213719993192,87,60901.2,417.3385367177522,102,54477.41,348.19033916900094,166,54340.99,224.6882208118187,32,116274.81,1656.0549989957958,70,93437.73,532.1587209671612,113,77370.98,365.93083150723413,328,67147.92,128.0947423305861,32,9.57
Norte Shopping,275,200565.76,213.72481380888792,144,144577.97,201.80782270501456,52,29793.77,293.09180438311694,43,18777.0,215.7469573643411,36,7417.02,144.3362314814815,27,89666.33,721.1769030875435,36,47037.66,288.50404339858056,48,33568.17,277.37701008597884,164,30293.6,95.13600833905255,27,5.42
