shopping_principal,qtd_clientes,valor_total,ticket_medio,vip_hist,vip_valor_hist,vip_ticket_hist,premium_hist,premium_valor_hist,premium_ticket_hist,potencial_hist,potencial_valor_hist,potencial_ticket_hist,pontual_hist,pontual_valor_hist,pontual_ticket_hist,vip_periodo,vip_valor_periodo,vip_ticket_periodo,premium_periodo,premium_valor_periodo,premium_ticket_periodo,potencial_periodo,potencial_valor_periodo,potencial_ticket_periodo,pontual_periodo,pontual_valor_periodo,pontual_ticket_periodo,high_spenders,pct_valor
Balneário Shopping,864,1074407.43,1243.5271180555555,501,812219.78,1621.1971656686628,114,106801.33,936.8537719298246,123,103996.89,845.5031707317073,126,51389.43,407.85261904761904,143,593142.84,4147.852027972028,186,256054.1,1376.6349462365592,212,150524.14,710.0195283018869,323,74686.35,231.22708978328174,143,29.03
Continente Shopping,1001,815206.25,814.3918581418582,464,511019.99,1101.3361853448275,141,109213.65,774.5648936170212,178,114585.08,643.736404494382,218,80387.53,368.7501376146789,77,311205.84,4041.634285714286,160,216808.02,1355.050125,235,170212.95,724.3104255319149,529,116979.44,221.13315689981096,77,22.03
Neumarkt Shopping,851,758247.16,891.0072385428907,563,623748.2,1107.900888099467,101,53903.56,533.6986138613861,92,48877.1,531.2728260869565,95,31718.3,333.87684210526317,95,349430.91,3678.2201052631576,129,179690.58,1392.9502325581395,197,141506.34,718.3062944162436,430,87619.33,203.76588372093025,95,20.49
Garten Shopping,683,497953.08,729.067467057101,395,366202.65,927.0953164556962,108,68505.06,634.3061111111111,81,38274.03,472.51888888888885,99,24971.34,252.2357575757576,48,184605.75,3845.953125,94,131113.87,1394.8284042553191,151,106998.83,708.601523178808,390,75234.63,192.9093076923077,48,13.46
Nações Shopping,543,354231.44,652.3599263351749,188,184511.84,981.4459574468085,87,60901.2,700.0137931034483,102,54477.41,534.0922549019608,166,54340.99,327.3553614457831,32,116274.81,3633.5878125,70,93437.73,1334.8247142857142,113,77370.98,684.6989380530973,328,67147.92,204.71926829268293,32,9.57
Norte Shopping,275,200565.76,729.3300363636364,144,144577.97,1004.0136805555555,52,29793.77,572.9571153846153,43,18777.0,436.6744186046512,36,7417.02,206.02833333333334,27,89666.33,3320.975185185185,36,47037.66,1306.6016666666667,48,33568.17,699.336875,164,30293.6,184.7170731707317,27,5.42
