perfil_cliente,qtd_clientes,valor_total,ticket_medio,frequencia_media,pct_clientes,pct_valor
VIP,2255,41305139.75,321.0763883147078,5.29490022172949,53.47,91.95
Premium,603,2211669.37,353.100771279175,2.9071310116086235,14.3,4.92
Potencial,619,1042630.49,344.18950246172784,2.3408723747980615,14.68,2.32
Pontual,740,362628.75,228.1952591859717,1.8148648648648649,17.55,0.81
