shopping_principal,qtd_clientes,valor_total,ticket_medio,clientes_vip_historico,clientes_vip_periodo,high_spenders,pct_valor
Balneário Shopping,864,1074407.43,411.20277981459475,501,143,143,29.03
Continente Shopping,1001,815206.25,324.6011592084441,464,77,77,22.03
Neumarkt Shopping,851,758247.16,269.6759186341463,563,95,95,20.49
Garten Shopping,683,497953.08,258.8304421516188,395,48,48,13.46
Nações Shopping,543,354231.44,319.72399609634704,188,32,32,9.57
Norte Shopping,275,200565.76,213.72481380888792,144,27,27,5.42
