perfil_cliente,qtd_clientes,valor_total,ticket_medio,frequencia_media,pct_clientes,pct_valor
VIP,422,1644326.48,1088.6482684340867,8.883886255924171,10.01,44.43
Premium,675,924141.96,454.3625129850814,5.92,16.01,24.97
Potencial,956,680181.41,303.6077812932481,4.066945606694561,22.67,18.38
Pontual,2164,451961.27,121.30846122549791,2.2421441774491684,51.32,12.21
