faixa_etaria,qtd_clientes,valor_total,pct_clientes
16-24 (Gen Z),323,329779.35,11.754002911208152
25-39 (Millennials),1342,1526874.73,48.835516739446874
40-54 (Gen X),939,1210484.68,34.1703056768559
55-69 (Boomers),107,143389.41,3.893740902474527
70+ (Silent),12,14157.74,0.43668122270742354
Nao Informado,25,28960.76,0.9097525473071324
