genero,qtd_clientes,valor_total,pct_clientes
Feminino,2298,2689785.66,68.21015138023152
Masculino,1064,1318908.7,31.58207183140398
Nao Informado,2,898.77,0.05936479667557139
Outro,5,4689.0599999999995,0.14841199168892846
