genero,qtd_clientes,valor_total,pct_clientes
Feminino,2012,2114599.81,60.69381598793363
Masculino,1294,1580764.2,39.034690799396685
Outro,9,8782.3,0.27149321266968324
