faixa_etaria,qtd_clientes,valor_total,pct_clientes
Boomers (1946-1964),176,232535.44,5.30920060331825
Gen X (1965-1980),903,1193332.89,27.239819004524886
Gen Z (1997-2012),517,497174.08,15.59577677224736
Millennials (1981-1996),1709,1767552.34,51.55354449472096
Nao Informado,3,2190.63,0.09049773755656108
Silent (antes 1946),7,11360.93,0.21116138763197587
