shopping_principal,qtd_clientes,valor_total,ticket_medio,vip_hist,premium_hist,potencial_hist,pontual_hist,vip_periodo,premium_periodo,potencial_periodo,pontual_periodo,high_spenders,pct_valor
Balneário Shopping,572,452089.09,604.0313664176732,267,98,88,119,42,91,173,266,51,60.56
Garten Shopping,55,128336.09,2149.9796128094126,19,15,13,8,8,11,13,23,12,17.19
Continente Shopping,137,89699.15000000001,361.063183872089,35,20,29,53,7,7,32,91,8,12.02
Neumarkt Shopping,57,53542.94,444.8205397205134,30,4,7,16,10,2,7,38,11,7.17
Norte Shopping,20,15281.61,389.236994047619,9,1,4,6,2,4,1,13,3,2.05
Nações Shopping,13,7514.96,475.24073260073266,4,0,3,6,1,1,4,7,1,1.01
