shopping_principal,qtd_clientes,valor_total,ticket_medio,clientes_vip_historico,clientes_vip_periodo,high_spenders,pct_valor
Balneário Shopping,572,452089.09,604.0313664176732,267,42,51,60.56
Garten Shopping,55,128336.09,2149.9796128094126,19,8,12,17.19
Continente Shopping,137,89699.15000000001,361.063183872089,35,7,8,12.02
Neumarkt Shopping,57,53542.94,444.8205397205134,30,10,11,7.17
Norte Shopping,20,15281.61,389.236994047619,9,2,3,2.05
Nações Shopping,13,7514.96,475.24073260073266,4,1,1,1.01
