perfil_cliente,qtd_clientes,valor_total,ticket_medio,frequencia_media,pct_clientes,pct_valor
VIP,364,7078465.58,856.9849580112349,1.848901098901099,42.62,89.44
Premium,138,497608.39,610.0651537997028,1.710144927536232,16.16,6.29
Potencial,144,238510.82,615.1631712962964,1.3402777777777777,16.86,3.01
Pontual,208,100011.77,326.0726156135531,1.2548076923076923,24.36,1.26
