shopping_principal,qtd_clientes,valor_total,ticket_medio,vip_hist,vip_valor_hist,vip_ticket_hist,premium_hist,premium_valor_hist,premium_ticket_hist,potencial_hist,potencial_valor_hist,potencial_ticket_hist,pontual_hist,pontual_valor_hist,pontual_ticket_hist,vip_periodo,vip_valor_periodo,vip_ticket_periodo,premium_periodo,premium_valor_periodo,premium_ticket_periodo,potencial_periodo,potencial_valor_periodo,potencial_ticket_periodo,pontual_periodo,pontual_valor_periodo,pontual_ticket_periodo,high_spenders,pct_valor
Balneário Shopping,572,452089.09,790.3655419580421,267,256974.51,962.4513483146068,98,80365.77,820.0588775510205,88,63721.06,724.1029545454545,119,51027.75,428.8046218487395,42,133370.15,3175.4797619047617,91,121301.07,1332.9787912087913,173,124325.34,718.6435838150289,266,73092.53,274.783947368421,51,60.56
Garten Shopping,55,128336.09,2333.3834545454547,19,99486.24,5236.117894736843,15,15475.06,1031.6706666666666,13,12023.09,924.853076923077,8,1351.7,168.9625,8,98948.05,12368.50625,11,16701.7,1518.3363636363638,13,9134.5,702.6538461538462,23,3551.84,154.42782608695651,12,17.19
Continente Shopping,137,89699.15000000001,654.7383211678833,35,39756.32000000001,1135.8948571428573,20,15907.46,795.3729999999999,29,16558.26,570.9744827586206,53,17477.11,329.7567924528302,7,39707.46,5672.494285714286,7,9589.92,1369.9885714285715,32,22167.829999999998,692.7446874999999,91,18233.94,200.372967032967,8,12.02
Neumarkt Shopping,57,53542.94,939.3498245614036,30,43979.67,1465.989,4,2348.37,587.0925,7,3520.52,502.93142857142857,16,3694.38,230.89875,10,38946.4,3894.6400000000003,2,2811.48,1405.74,7,5194.08,742.0114285714286,38,6590.98,173.44684210526316,11,7.17
Norte Shopping,20,15281.61,764.0805,9,4862.53,540.281111111111,1,4097.9,4097.9,4,5304.61,1326.1525,6,1016.5699999999999,169.4283333333333,2,6707.629999999999,3353.8149999999996,4,6402.26,1600.565,1,506.24,506.24,13,1665.48,128.11384615384617,3,2.05
Nações Shopping,13,7514.96,578.0738461538461,4,2296.58,574.145,0,0.0,0.0,3,2973.81,991.27,6,2244.57,374.095,1,2375.83,2375.83,1,1249.91,1249.91,4,2631.0600000000004,657.7650000000001,7,1258.16,179.73714285714286,1,1.01
