total_clientes,qtd_high_spenders,threshold,pct_hs
428,43,1322.0350000000003,10.046728971962617
