faixa_etaria,qtd_clientes,valor_total,pct_clientes
Boomers (1946-1964),20,14844.01,4.672897196261682
Gen X (1965-1980),114,75423.86,26.635514018691588
Gen Z (1997-2012),68,48868.82,15.887850467289718
Millennials (1981-1996),226,115613.75,52.80373831775701
