faixa_etaria,qtd_clientes,valor_total,pct_clientes
16-24 (Gen Z),23,27166.2,5.373831775700935
25-39 (Millennials),199,93441.56999999999,46.49532710280374
40-54 (Gen X),166,108339.97,38.78504672897196
55-69 (Boomers),40,25802.7,9.345794392523365
