loja,valor,clientes
Renner,22179.73,84
Centauro,12846.33,30
Idéli Oui,12228.76,18
Riachuelo,11248.31,52
Havan,10465.039999999999,39
IPLACE MOBILE,8898.99,4
Brooksfield,7090.6,2
C&A,6835.19,36
Kalunga,6177.37,49
Pittol,5927.08,29
Hering,5462.51,20
Live!,4935.33,10
Camicado,4680.14,13
Shoulder,4626.29,5
Makenji,3950.0899999999997,9
Cobasi,3933.22,32
Adidas,3788.89,4
Le Lis Blanc,3526.52,4
Levi's,3498.3,8
Livrarias Curitiba,3426.06,39
