total_clientes,qtd_high_spenders,threshold,pct_hs
2577,258,1916.4720000000002,10.011641443538998
