total_clientes,qtd_high_spenders,threshold,pct_hs
1491,150,3047.0899999999997,10.06036217303823
