faixa_etaria,qtd_clientes,valor_total,pct_clientes
16-24 (Gen Z),163,138086.35,10.932260228034876
25-39 (Millennials),704,780991.18,47.21663313212609
40-54 (Gen X),531,797677.08,35.61368209255533
55-69 (Boomers),82,125082.63,5.499664654594232
70+ (Silent),4,3135.25,0.2682763246143528
Nao Informado,7,4775.99,0.4694835680751174
