faixa_etaria,qtd_clientes,valor_total,pct_clientes
16-24 (Gen Z),1093,1067862.67,5.343959321370948
25-39 (Millennials),7923,9829934.88,38.73759350706498
40-54 (Gen X),8347,11717007.68,40.81063902605975
55-69 (Boomers),2663,3789969.13,13.020094851611011
70+ (Silent),417,550429.8,2.038820710898157
Nao Informado,10,14005.78,0.04889258299515963
