faixa_etaria,qtd_hs,valor_total,ticket_medio,pct_hs
16-24 (Gen Z),124,597342.17,4817.27556451613,3.508771929824561
25-39 (Millennials),1250,6059405.36,4847.5242880000005,35.370684776457274
40-54 (Gen X),1546,8399786.62,5433.238434670116,43.74646293152236
55-69 (Boomers),503,2669813.6,5307.780516898609,14.233163554046408
70+ (Silent),104,550942.25,5297.521634615385,2.9428409734012453
Nao Informado,7,26039.79,3719.9700000000003,0.19807583474816073
