genero,qtd_hs,valor_total,ticket_medio,pct_hs
Feminino,2201,10858141.29,4933.276369831894,62.28070175438597
Masculino,1325,7416383.37,5597.270467924528,37.492925863044704
Nao Informado,6,22690.190000000002,3781.6983333333337,0.1697792869269949
Outro,2,6114.9400000000005,3057.4700000000003,0.056593095642331635
