faixa_etaria,Feminino,Masculino,Nao Informado,Outro
Boomers (1946-1964),1323.4418484288356,1456.9353429602888,0.0,444.85
Gen X (1965-1980),1310.819655963303,1429.5944737596787,20.0,369.7875
Gen Z (1997-2012),875.9636910268271,1062.2949557032116,0.0,918.8025
Millennials (1981-1996),1161.8164291348935,1222.1628511462707,864.98,826.3736363636364
Nao Informado,386.86,1247.0,850.4129166666667,0.0
Silent (antes 1946),1203.53,1638.4207142857142,0.0,0.0
