total_clientes,qtd_high_spenders,threshold,pct_hs
166,17,2826.4350000000004,10.240963855421686
