faixa_etaria,qtd_clientes,valor_total,pct_clientes
Boomers (1946-1964),17,32730.17,10.240963855421686
Gen X (1965-1980),45,114918.04,27.10843373493976
Gen Z (1997-2012),24,93106.27,14.457831325301203
Millennials (1981-1996),80,62579.25,48.19277108433735
