faixa_etaria,qtd_clientes,valor_total,pct_clientes
Boomers (1946-1964),58,54512.73,4.53125
Gen X (1965-1980),314,353026.19,24.53125
Gen Z (1997-2012),219,117412.52,17.109375
Millennials (1981-1996),681,520351.41,53.20312499999999
Nao Informado,4,1179.89,0.3125
Silent (antes 1946),4,2292.3,0.3125
