total_clientes,qtd_high_spenders,threshold,pct_hs
462,47,1559.7710000000018,10.173160173160174
