faixa_etaria,qtd_clientes,valor_total,pct_clientes
16-24 (Gen Z),20,9589.47,4.329004329004329
25-39 (Millennials),167,97253.63,36.14718614718615
40-54 (Gen X),218,178023.82,47.18614718614719
55-69 (Boomers),50,36219.06,10.822510822510822
70+ (Silent),7,5279.89,1.5151515151515151
