genero,qtd_clientes,valor_total,pct_clientes
Feminino,344,242231.79,74.45887445887446
Masculino,117,83187.1,25.324675324675322
Nao Informado,1,946.98,0.21645021645021645
