genero,qtd_clientes,valor_total,pct_clientes
Feminino,356,261939.15,76.72413793103449
Masculino,107,75216.65,23.060344827586206
Outro,1,13.9,0.21551724137931033
