faixa_etaria,qtd_clientes,valor_total,pct_clientes
16-24 (Gen Z),27,11208.76,5.818965517241379
25-39 (Millennials),220,165852.49,47.41379310344828
40-54 (Gen X),193,145611.5,41.5948275862069
55-69 (Boomers),19,11039.539999999999,4.094827586206897
70+ (Silent),3,2115.48,0.646551724137931
Nao Informado,2,1341.93,0.43103448275862066
