faixa_etaria,qtd_clientes,valor_total,pct_clientes
Boomers (1946-1964),11,6781.97,2.3706896551724137
Gen X (1965-1980),112,87700.87,24.137931034482758
Gen Z (1997-2012),73,35665.44,15.732758620689655
Millennials (1981-1996),268,207021.42,57.758620689655174
