genero,qtd_clientes,valor_total,pct_clientes
Feminino,324,469294.86,80.39702233250621
Masculino,79,97821.77,19.602977667493796
