faixa_etaria,qtd_clientes,valor_total,pct_clientes
16-24 (Gen Z),111,63481.42,5.829831932773109
25-39 (Millennials),818,698403.27,42.962184873949575
40-54 (Gen X),747,788893.23,39.233193277310924
55-69 (Boomers),204,206405.28,10.714285714285714
70+ (Silent),24,21365.63,1.2605042016806722
