faixa_etaria,qtd_clientes,valor_total,pct_clientes
Boomers (1946-1964),21,21986.99,3.2208588957055215
Gen X (1965-1980),168,124056.3,25.766871165644172
Gen Z (1997-2012),98,61845.14,15.030674846625766
Millennials (1981-1996),365,243447.28,55.98159509202454
