genero,qtd_clientes,valor_total,pct_clientes
Feminino,421,271720.36,64.57055214723927
Masculino,231,179615.35,35.42944785276074
