genero,qtd_clientes,valor_total,pct_clientes
Feminino,803,688067.52,78.26510721247564
Masculino,222,238154.54,21.637426900584796
Nao Informado,1,658.5,0.09746588693957114
