faixa_etaria,qtd_clientes,valor_total,pct_clientes
16-24 (Gen Z),35,29067.510000000002,3.41130604288499
25-39 (Millennials),353,298237.58,34.40545808966861
40-54 (Gen X),472,452846.51,46.00389863547758
55-69 (Boomers),142,129190.02,13.840155945419102
70+ (Silent),24,17538.94,2.3391812865497075
