perfil_cliente,qtd_clientes,valor_total,ticket_medio,frequencia_media,pct_clientes,pct_valor
VIP,1873,33667020.44,476.7062944613392,5.132407901761879,31.72,84.23
Premium,815,2881646.89,978.0622749244094,2.9828220858895707,13.8,7.21
Potencial,1490,2421598.55,676.2018421467704,3.1006711409395975,25.23,6.06
Pontual,1727,999510.15,348.43833676778576,2.2003474232773597,29.25,2.5
