shopping_principal,qtd_clientes,valor_total,ticket_medio,clientes_vip_historico,clientes_vip_periodo,high_spenders,pct_valor
Norte Shopping,2178,2497952.2,822.3186746624119,364,281,260,41.83
Nações Shopping,1988,1844528.3,541.7120280758327,269,162,143,30.89
Balneário Shopping,386,491882.35,383.37975099020827,302,72,68,8.24
Neumarkt Shopping,458,418167.06,243.81597821386475,338,49,47,7.0
Continente Shopping,429,381365.71,195.0806989988361,302,41,39,6.39
Garten Shopping,466,337474.81,188.8624227081039,298,35,34,5.65
