total_clientes,qtd_high_spenders,threshold,pct_hs
49,5,2113.4020000000005,10.204081632653061
