genero,qtd_clientes,valor_total,pct_clientes
Feminino,26,11183.86,53.06122448979592
Masculino,23,24332.83,46.93877551020408
