faixa_etaria,qtd_clientes,valor_total,pct_clientes
16-24 (Gen Z),121,71966.77,14.2018779342723
25-39 (Millennials),451,290752.61,52.93427230046949
40-54 (Gen X),244,194853.06,28.638497652582164
55-69 (Boomers),27,13903.99,3.169014084507042
70+ (Silent),2,370.75,0.2347417840375587
Nao Informado,7,7892.9800000000005,0.8215962441314555
