perfil_cliente,qtd_clientes,valor_total,ticket_medio,frequencia_media,pct_clientes,pct_valor
VIP,9704,127079240.49,1040.1166113261665,5.385717230008244,20.86,69.9
Premium,7506,26698182.77,691.2210056650285,3.507727151612044,16.14,14.69
Potencial,11565,18893717.62,513.922440052396,2.792044963251189,24.87,10.39
Pontual,17735,9133470.97,307.80417467159447,1.9021708486044544,38.13,5.02
