shopping_principal,qtd_clientes,valor_total,ticket_medio,vip_hist,premium_hist,potencial_hist,pontual_hist,vip_periodo,premium_periodo,potencial_periodo,pontual_periodo,high_spenders,pct_valor
Balneário Shopping,11173,18217551.02,680.73571296268,2873,1929,2655,3716,2365,2589,2972,3247,1686,31.25
Garten Shopping,9082,11056796.16,592.7227072121492,1775,1436,2395,3476,1155,1808,2563,3556,766,18.97
Neumarkt Shopping,7989,10422809.61,568.4186888200612,2318,1420,1837,2414,1256,1612,2155,2966,878,17.88
Continente Shopping,9179,9658829.1,482.4609443720923,1492,1364,2368,3955,1035,1788,2657,3699,688,16.57
Nações Shopping,4985,4664420.6,442.585282108786,614,719,1269,2383,488,882,1382,2233,302,8.0
Norte Shopping,4102,4266827.5200000005,614.1285298190018,632,638,1041,1791,463,720,1131,1788,331,7.32
