shopping_principal,qtd_clientes,valor_total,ticket_medio,clientes_vip_historico,clientes_vip_periodo,high_spenders,pct_valor
Balneário Shopping,11173,18217551.02,680.73571296268,2873,2365,1686,31.25
Garten Shopping,9082,11056796.16,592.7227072121492,1775,1155,766,18.97
Neumarkt Shopping,7989,10422809.61,568.4186888200612,2318,1256,878,17.88
Continente Shopping,9179,9658829.1,482.4609443720923,1492,1035,688,16.57
Nações Shopping,4985,4664420.6,442.585282108786,614,488,302,8.0
Norte Shopping,4102,4266827.5200000005,614.1285298190018,632,463,331,7.32
