total_clientes,qtd_high_spenders,threshold,pct_hs
25665,2567,3168.984000000001,10.001948178453146
