faixa_etaria,qtd_clientes,valor_total,pct_clientes
16-24 (Gen Z),1374,1503629.32,5.353594389246055
25-39 (Millennials),9945,13851248.09,38.749269433080066
40-54 (Gen X),10430,16479342.01,40.63900253263199
55-69 (Boomers),3361,5093167.34,13.095655562049483
70+ (Silent),541,736159.7,2.1079290863043054
Nao Informado,14,27528.53,0.054548996688096624
