faixa_etaria,qtd_clientes,valor_total,pct_clientes
Boomers (1946-1964),139,182327.79,5.988797931925894
Gen X (1965-1980),694,845675.3,29.90090478242137
Gen Z (1997-2012),287,339690.42,12.365359758724688
Millennials (1981-1996),1196,1444450.23,51.52951314088755
Nao Informado,1,346.28,0.043084877208099955
Silent (antes 1946),4,1022.1600000000001,0.17233950883239982
