total_clientes,qtd_high_spenders,threshold,pct_hs
1992,200,1761.5490000000002,10.040160642570282
