faixa_etaria,qtd_clientes,valor_total,pct_clientes
16-24 (Gen Z),173,130613.1,8.684738955823294
25-39 (Millennials),917,801933.29,46.03413654618474
40-54 (Gen X),673,671103.49,33.785140562249
55-69 (Boomers),202,211968.46,10.140562248995984
70+ (Silent),25,28852.71,1.2550200803212852
Nao Informado,2,2106.11,0.1004016064257028
