faixa_etaria,qtd_clientes,valor_total,pct_clientes
16-24 (Gen Z),249,208773.83,7.481971153846153
25-39 (Millennials),1499,1377639.77,45.04206730769231
40-54 (Gen X),1207,1397502.72,36.26802884615385
55-69 (Boomers),335,417834.91,10.06610576923077
70+ (Silent),36,38666.22,1.0817307692307692
Nao Informado,2,2106.11,0.06009615384615385
