shopping_principal,qtd_clientes,valor_total,ticket_medio,vip_hist,premium_hist,potencial_hist,pontual_hist,vip_periodo,premium_periodo,potencial_periodo,pontual_periodo,high_spenders,pct_valor
Balneário Shopping,24385,46553578.82,582.9493609985342,4999,4076,6516,8794,6528,5826,6025,6006,3647,31.37
Continente Shopping,20148,26855072.42,468.65234059246757,2445,2933,5807,8963,3368,4725,5674,6381,1633,18.09
Garten Shopping,19230,26409710.14,487.30361402796325,2745,3019,5399,8067,3225,4434,5435,6136,1541,17.79
Neumarkt Shopping,15898,26064452.99,478.21145998505693,3446,2824,4113,5515,3516,3717,4137,4528,1877,17.56
Nações Shopping,10604,11725007.0,426.3775259212919,893,1208,2972,5531,1382,2196,3073,3953,562,7.9
Norte Shopping,8807,10815808.02,557.6894827812253,956,1320,2452,4079,1401,1797,2446,3163,648,7.29
