shopping_principal,qtd_clientes,valor_total,ticket_medio,clientes_vip_historico,clientes_vip_periodo,high_spenders,pct_valor
Balneário Shopping,24385,46553578.82,582.9493609985342,4999,6528,3647,31.37
Continente Shopping,20148,26855072.42,468.65234059246757,2445,3368,1633,18.09
Garten Shopping,19230,26409710.14,487.30361402796325,2745,3225,1541,17.79
Neumarkt Shopping,15898,26064452.99,478.21145998505693,3446,3516,1877,17.56
Nações Shopping,10604,11725007.0,426.3775259212919,893,1382,562,7.9
Norte Shopping,8807,10815808.02,557.6894827812253,956,1401,648,7.29
