faixa_etaria,qtd_hs,valor_total,ticket_medio,pct_hs
Boomers (1946-1964),9,29927.23,3325.2477777777776,4.30622009569378
Gen X (1965-1980),71,244782.62,3447.6425352112674,33.97129186602871
Gen Z (1997-2012),25,77482.29,3099.2915999999996,11.961722488038278
Millennials (1981-1996),104,323195.31,3107.6472115384613,49.760765550239235
