genero,qtd_hs,valor_total,ticket_medio,pct_hs
Feminino,162,482836.17,2980.470185185185,77.51196172248804
Masculino,47,192551.28,4096.835744680851,22.48803827751196
