faixa_etaria,Feminino,Masculino,Nao Informado,Outro
Boomers (1946-1964),876.699298245614,820.6854838709677,0.0,0.0
Gen X (1965-1980),898.6294527363184,857.0336601307189,302.92,0.0
Gen Z (1997-2012),625.4432158590308,549.7092537313432,132.74,408.045
Millennials (1981-1996),697.8019713261649,713.7491694352159,1161.98,0.0
