total_clientes,qtd_high_spenders,threshold,pct_hs
1095,110,2836.7560000000003,10.045662100456621
