faixa_etaria,qtd_clientes,valor_total,pct_clientes
Boomers (1946-1964),36,36128.91,3.287671232876712
Gen X (1965-1980),256,319472.56,23.378995433789953
Gen Z (1997-2012),161,143281.56,14.703196347031962
Millennials (1981-1996),636,730591.8,58.082191780821915
Nao Informado,6,3528.66,0.547945205479452
