faixa_etaria,qtd_clientes,valor_total,pct_clientes
16-24 (Gen Z),23,16429.93,3.1207598371777476
25-39 (Millennials),286,227137.95,38.80597014925373
40-54 (Gen X),341,315034.49,46.26865671641791
55-69 (Boomers),79,72996.72,10.719131614654003
70+ (Silent),7,4667.31,0.9497964721845319
Nao Informado,1,248.6,0.13568521031207598
