genero,qtd_clientes,valor_total,pct_clientes
Feminino,472,342595.49,64.04341926729987
Masculino,265,293919.51,35.95658073270013
