genero,qtd_clientes,valor_total,pct_clientes
Feminino,1552,1317889.93,72.28691197019096
Masculino,594,767384.6,27.666511411271543
Outro,1,1648.08,0.04657661853749418
