loja,valor,clientes
Vivara ,146100.61000000002,55
Renner,114420.24,408
Bergerson,110916.8,7
CVC,98128.09999999999,8
IPLACE MOBILE,91641.09,30
Havan,69416.67,241
Riachuelo,66966.49,243
Centauro,63115.6,190
Kalunga,45256.96,279
Le Lis Blanc,44036.05,40
Idéli Oui,43945.2,84
Levi's,43252.3,81
C&A,43083.85,185
Shoulder,39925.23,51
Magazine Luiza,36101.21,21
Makenji,36082.42,59
Hering,34566.8,132
Life Vivara,33901.39,50
Livrarias Curitiba,33379.27,270
Brooksfield,33115.87,17
