total_clientes,qtd_high_spenders,threshold,pct_hs
3369,337,2588.3320000000003,10.002968239833779
