faixa_etaria,qtd_clientes,valor_total,pct_clientes
16-24 (Gen Z),238,220063.44,7.179487179487179
25-39 (Millennials),1414,1444150.52,42.65460030165912
40-54 (Gen X),1277,1510626.47,38.521870286576174
55-69 (Boomers),333,455253.15,10.04524886877828
70+ (Silent),48,70855.15,1.4479638009049773
Nao Informado,5,3197.58,0.1508295625942685
