faixa_etaria,qtd_clientes,valor_total,pct_clientes
Boomers (1946-1964),837,1152072.82,5.77639751552795
Gen X (1965-1980),4249,5604286.97,29.32367149758454
Gen Z (1997-2012),2161,2223526.78,14.913733609385782
Millennials (1981-1996),7215,8465693.98,49.79296066252588
Nao Informado,8,4526.32,0.055210489993098695
Silent (antes 1946),20,36612.7,0.13802622498274672
