shopping_principal,qtd_clientes,valor_total,ticket_medio,clientes_vip_historico,clientes_vip_periodo,high_spenders,pct_valor
Balneário Shopping,2466,3433717.18,599.9326119007775,879,431,393,23.54
Garten Shopping,3260,3141877.09,471.71424488533734,775,313,270,21.54
Continente Shopping,2906,3106814.74,511.1518794073635,676,326,288,21.3
Neumarkt Shopping,2451,2608995.4,515.0786468050647,912,296,259,17.89
Nações Shopping,1550,1285070.09,430.4108559954661,243,110,91,8.81
Norte Shopping,1241,1007324.05,453.51307235111216,244,99,87,6.91
