shopping_principal,qtd_clientes,valor_total,ticket_medio,vip_hist,premium_hist,potencial_hist,pontual_hist,vip_periodo,premium_periodo,potencial_periodo,pontual_periodo,high_spenders,pct_valor
Balneário Shopping,2466,3433717.18,599.9326119007775,879,392,500,695,431,585,670,780,393,23.54
Garten Shopping,3260,3141877.09,471.71424488533734,775,538,744,1203,313,567,935,1445,270,21.54
Continente Shopping,2906,3106814.74,511.1518794073635,676,469,741,1020,326,582,826,1172,288,21.3
Neumarkt Shopping,2451,2608995.4,515.0786468050647,912,451,486,602,296,470,691,994,259,17.89
Nações Shopping,1550,1285070.09,430.4108559954661,243,226,363,718,110,256,469,715,91,8.81
Norte Shopping,1241,1007324.05,453.51307235111216,244,160,309,528,99,193,335,614,87,6.91
