perfil_cliente,qtd_clientes,valor_total,ticket_medio,frequencia_media,pct_clientes,pct_valor
VIP,1575,6428843.54,1763.8023959993518,4.71936507936508,11.35,44.08
Premium,2653,3705813.69,608.4266427429826,3.7734640030154543,19.12,25.41
Potencial,3926,2824516.68,382.67106558218177,2.8290881304126336,28.3,19.37
Pontual,5720,1624624.64,192.3990687691388,1.9162587412587413,41.23,11.14
