shopping_principal,qtd_clientes,valor_total,ticket_medio,vip_hist,vip_valor_hist,vip_ticket_hist,premium_hist,premium_valor_hist,premium_ticket_hist,potencial_hist,potencial_valor_hist,potencial_ticket_hist,pontual_hist,pontual_valor_hist,pontual_ticket_hist,vip_periodo,vip_valor_periodo,vip_ticket_periodo,premium_periodo,premium_valor_periodo,premium_ticket_periodo,potencial_periodo,potencial_valor_periodo,potencial_ticket_periodo,pontual_periodo,pontual_valor_periodo,pontual_ticket_periodo,high_spenders,pct_valor
Balneário Shopping,2466,3433717.18,1392.4238361719383,879,2084354.65,2371.279465301479,392,516616.77,1317.8999234693879,500,520974.73,1041.94946,695,311771.03,448.5914100719425,431,1907077.37,4424.7734802784225,585,821601.7,1404.4473504273503,670,484866.24,723.6809552238806,780,220171.87,282.2716282051282,393,23.54
Garten Shopping,3260,3141877.09,963.7659785276073,775,1425938.27,1839.9203483870967,538,600523.87,1116.215371747212,744,619017.14,832.0122849462366,1203,496397.81,412.63325852036576,313,1271445.4,4062.125878594249,567,793818.14,1400.0319929453262,935,669410.14,715.9466737967915,1445,407203.41,281.8016678200692,270,21.54
Continente Shopping,2906,3106814.74,1069.1034893324158,676,1285064.75,1900.9833579881656,469,634339.42,1352.5360767590619,741,718756.9400000001,969.9823751686911,1020,468653.63,459.4643431372549,326,1352717.33,4149.439662576688,582,809177.73,1390.3397422680412,826,600153.56,726.5781598062955,1172,344766.12,294.1690443686007,288,21.3
Neumarkt Shopping,2451,2608995.4,1064.46160750714,912,1450826.17,1590.818168859649,451,497434.77,1102.959578713969,486,405689.63,834.7523251028807,602,255044.83,423.6625083056478,296,1164723.38,3934.8762837837835,470,659495.62,1403.1821702127659,691,498787.98,721.83499276411,994,285988.42,287.714708249497,259,17.89
Nações Shopping,1550,1285070.09,829.0774774193549,243,397026.83,1633.855267489712,226,274489.2,1214.553982300885,363,314472.58,866.3156473829201,718,299081.48,416.5480222841225,110,404170.85,3674.280454545454,256,355547.53,1388.8575390625,469,331538.56,706.9052452025586,715,193813.15,271.06734265734264,91,8.81
Norte Shopping,1241,1007324.05,811.7035052377115,244,324883.83,1331.4911065573772,160,190328.33000000002,1189.5520625000001,309,275391.56,891.2348220064725,528,216720.33,410.45517045454545,99,328709.21,3320.2950505050508,193,266172.97,1379.134559585492,335,239760.2,715.7020895522388,614,172681.67,281.2405048859935,87,6.91
