total_clientes,qtd_high_spenders,threshold,pct_hs
18692,1870,2854.0440000000003,10.004279905842072
