faixa_etaria,qtd_clientes,valor_total,pct_clientes
Boomers (1946-1964),958,1315147.83,5.125187245880591
Gen X (1965-1980),5092,6716497.81,27.241600684784935
Gen Z (1997-2012),3350,3541835.29,17.9221057136743
Millennials (1981-1996),9253,11253585.93,49.50246094585919
Nao Informado,19,12894.13,0.10164776374919753
Silent (antes 1946),20,37024.8,0.10699764605178687
