faixa_etaria,qtd_clientes,valor_total,pct_clientes
16-24 (Gen Z),2467,2639459.79,7.729423191402701
25-39 (Millennials),12995,20229704.3,40.71497947802112
40-54 (Gen X),12237,22795001.580000002,38.34006955540934
55-69 (Boomers),3682,6816997.86,11.536171945984899
70+ (Silent),499,1574075.52,1.5634301469436351
Nao Informado,37,81388.05,0.1159256822383056
