faixa_etaria,qtd_clientes,valor_total,pct_clientes
Boomers (1946-1964),166,238515.21,7.010135135135136
Gen X (1965-1980),712,762954.47,30.067567567567565
Gen Z (1997-2012),275,247559.59,11.613175675675675
Millennials (1981-1996),1213,1279943.94,51.22466216216216
Nao Informado,1,425.6,0.04222972972972973
Silent (antes 1946),1,1389.8700000000001,0.04222972972972973
