genero,qtd_clientes,valor_total,pct_clientes
Feminino,1708,1660763.95,72.12837837837837
Masculino,659,865752.46,27.82939189189189
Outro,1,4272.27,0.04222972972972973
