faixa_etaria,qtd_clientes,valor_total,pct_clientes
16-24 (Gen Z),38,23816.44,4.260089686098654
25-39 (Millennials),357,332039.18,40.02242152466368
40-54 (Gen X),397,387301.88,44.506726457399104
55-69 (Boomers),88,89879.55,9.865470852017937
70+ (Silent),9,5448.36,1.0089686098654709
Nao Informado,3,431.2,0.336322869955157
