loja,valor,clientes
Vivara ,177710.83000000002,63
Renner,151585.79,497
Bergerson,110916.8,7
IPLACE MOBILE,105361.9,37
CVC,98128.09999999999,8
Havan,88515.14,294
Riachuelo,82329.65,302
Centauro,80520.59,232
Idéli Oui,62923.76,114
C&A,54704.8,235
Kalunga,53887.82,334
Le Lis Blanc,52466.64,42
Levi's,48975.91,92
Shoulder,46420.82,57
Makenji,45108.31,71
Brooksfield,44930.47,20
Hering,44137.95,166
Pittol,41274.06,156
Livrarias Curitiba,39341.84,316
Life Vivara,38558.39,57
