total_clientes,qtd_high_spenders,threshold,pct_hs
56,6,2832.1800000000003,10.714285714285714
