genero,qtd_clientes,valor_total,pct_clientes
Feminino,39,96838.01,69.64285714285714
Masculino,17,31990.590000000004,30.357142857142854
