genero,qtd_clientes,valor_total,pct_clientes
Feminino,15,12192.19,65.21739130434783
Masculino,8,3504.89,34.78260869565217
