total_clientes,qtd_high_spenders,threshold,pct_hs
11409,1141,3296.1200000000003,10.000876501007976
