faixa_etaria,qtd_clientes,valor_total,pct_clientes
16-24 (Gen Z),622,647574.81,5.45183626961171
25-39 (Millennials),4537,6627656.67,39.76685073187834
40-54 (Gen X),4475,7898453.71,39.22342010693312
55-69 (Boomers),1467,2374754.57,12.858269787010254
70+ (Silent),306,605921.68,2.6820930844070467
Nao Informado,2,538.61,0.017530020159523183
