genero,qtd_hs,valor_total,ticket_medio,pct_hs
Feminino,1921,9241991.08,4811.031275377408,60.79113924050633
Masculino,1237,6604144.11,5338.839215844786,39.14556962025316
Outro,2,6697.98,3348.99,0.06329113924050633
