faixa_etaria,qtd_hs,valor_total,ticket_medio,pct_hs
Boomers (1946-1964),329,1824456.49,5545.460455927052,10.41139240506329
Gen X (1965-1980),1060,5420333.15,5113.521839622642,33.54430379746836
Gen Z (1997-2012),309,1445650.07,4678.479190938511,9.778481012658228
Millennials (1981-1996),1451,7112323.46,4901.670199862164,45.91772151898734
Nao Informado,1,2838.87,2838.87,0.03164556962025317
Silent (antes 1946),10,47231.13,4723.112999999999,0.31645569620253167
