faixa_etaria,Feminino,Masculino,Nao Informado,Outro
Boomers (1946-1964),1319.14583880597,1542.1515987124465,0.0,443.335
Gen X (1965-1980),1280.471752320955,1285.1829505680073,202.5,515.5733333333334
Gen Z (1997-2012),881.0902438149874,995.3421766561514,0.0,1117.93875
Millennials (1981-1996),1067.0309019407557,1201.863415174451,132.7,637.3117647058823
Nao Informado,1206.3366666666666,0.0,0.0,0.0
Silent (antes 1946),1047.0155769230769,1738.3323333333333,0.0,0.0
