total_clientes,qtd_high_spenders,threshold,pct_hs
4896,490,2247.3999999999996,10.008169934640524
