faixa_etaria,qtd_clientes,valor_total,pct_clientes
Boomers (1946-1964),84,99170.92,4.162537165510407
Gen X (1965-1980),599,522724.95,29.682854311199208
Gen Z (1997-2012),302,227017.89,14.965312190287413
Millennials (1981-1996),1031,841995.1,51.090188305252724
Nao Informado,1,404.98,0.049554013875123884
Silent (antes 1946),1,249.93,0.049554013875123884
