genero,qtd_clientes,valor_total,pct_clientes
Feminino,1281,1034840.3,63.4786917740337
Masculino,736,656369.31,36.47175421209118
Nao Informado,1,354.16,0.049554013875123884
