shopping_principal,qtd_clientes,valor_total,ticket_medio,vip_hist,premium_hist,potencial_hist,pontual_hist,vip_periodo,premium_periodo,potencial_periodo,pontual_periodo,high_spenders,pct_valor
Balneário Shopping,43110,102773535.61,644.1401110626261,7194,7068,11952,16896,13244,9708,9867,10291,5993,33.69
Neumarkt Shopping,26804,57950027.56,505.8169842605117,4551,4369,7401,10483,7535,5773,6080,7416,3387,19.0
Garten Shopping,31279,54204778.75,523.3188361011897,3593,4411,9012,14263,6763,6999,7790,9727,2636,17.77
Continente Shopping,32289,50561293.31,463.7787783677206,3218,4411,9323,15337,6789,7006,8356,10138,2493,16.57
Norte Shopping,15592,21760326.5,530.8130462682308,1289,2106,4024,8173,2929,2924,3877,5862,1042,7.13
Nações Shopping,14036,17815953.91,410.80258060259433,1042,1572,3622,7800,2253,2560,3576,5647,760,5.84
