shopping_principal,qtd_clientes,valor_total,ticket_medio,clientes_vip_historico,clientes_vip_periodo,high_spenders,pct_valor
Balneário Shopping,43110,102773535.61,644.1401110626261,7194,13244,5993,33.69
Neumarkt Shopping,26804,57950027.56,505.8169842605117,4551,7535,3387,19.0
Garten Shopping,31279,54204778.75,523.3188361011897,3593,6763,2636,17.77
Continente Shopping,32289,50561293.31,463.7787783677206,3218,6789,2493,16.57
Norte Shopping,15592,21760326.5,530.8130462682308,1289,2929,1042,7.13
Nações Shopping,14036,17815953.91,410.80258060259433,1042,2253,760,5.84
