loja,valor,clientes
Vivara,318408.33,88
Renner,194684.77,512
Nike Unite,111510.77,219
C&A,93645.84,268
Magazine Luiza,86991.67,38
Arezzo,82372.27,121
Empório Du Homem,80753.15,89
Riachuelo,80651.32,243
iPlace Mobile,77918.88,20
Decathlon,66640.56999999999,231
Centauro,59282.880000000005,142
Damyller ,55504.0,64
Vivo,55464.11,11
Maze Vale Comercio LTDA,54377.2,51
Lanzara,49515.4,24
Brooksfield,49372.36,30
Polishop,43677.36,42
Claro,42240.08,13
CLIFIELD,42171.36,72
TIM ,41520.16,11
