total_clientes,qtd_high_spenders,threshold,pct_hs
5669,567,2082.307999999999,10.001763979537838
