total_clientes,qtd_high_spenders,threshold,pct_hs
6453,646,2037.9040000000005,10.010847667751435
