perfil_cliente,qtd_clientes,valor_total,ticket_medio,frequencia_media,pct_clientes,pct_valor
VIP,313,1189611.16,1426.6900057328885,6.539936102236422,10.67,42.63
Premium,522,732737.98,519.9590109339867,4.875478927203065,17.8,26.26
Potencial,731,524689.93,327.0390272700416,3.6648426812585497,24.92,18.8
Pontual,1367,343749.89,144.3080519979557,2.3782004389173372,46.61,12.32
