shopping_principal,qtd_clientes,valor_total,ticket_medio,vip_hist,vip_valor_hist,vip_ticket_hist,premium_hist,premium_valor_hist,premium_ticket_hist,potencial_hist,potencial_valor_hist,potencial_ticket_hist,pontual_hist,pontual_valor_hist,pontual_ticket_hist,vip_periodo,vip_valor_periodo,vip_ticket_periodo,premium_periodo,premium_valor_periodo,premium_ticket_periodo,potencial_periodo,potencial_valor_periodo,potencial_ticket_periodo,pontual_periodo,pontual_valor_periodo,pontual_ticket_periodo,high_spenders,pct_valor
Continente Shopping,836,846352.97,1012.3839354066986,308,446577.79,1449.9278896103895,134,165845.81,1237.6552985074627,183,152333.4,832.4229508196721,211,81595.97,386.71075829383886,100,404188.03,4041.8803000000003,147,204283.01,1389.6803401360544,190,138410.02,728.4737894736842,399,99471.91,249.30303258145364,96,30.33
Balneário Shopping,522,642089.35,1230.0562260536399,273,444684.68,1628.8816117216118,67,79765.79000000001,1190.5341791044777,85,80245.28,944.0621176470588,97,37393.6,385.501030927835,89,343395.29,3858.37404494382,116,162607.82,1401.791551724138,119,84681.4,711.6084033613445,198,51404.84,259.620404040404,84,23.01
Neumarkt Shopping,637,589458.44,925.3664678178963,340,391289.55,1150.851617647059,84,73128.53,870.577738095238,112,83617.32,746.5832142857143,101,41423.04,410.1291089108911,61,219503.13,3598.4119672131146,124,173430.56,1398.6335483870967,165,120490.61,730.2461212121212,287,76034.14,264.92731707317074,54,21.12
Garten Shopping,385,289002.59,750.656077922078,176,169629.79,963.8056250000001,56,46372.38,828.0782142857142,69,41685.75,604.1413043478261,84,31314.670000000002,372.7936904761905,25,93845.2,3753.808,49,71065.98,1450.3261224489795,100,71108.92,711.0892,211,52982.49,251.10184834123223,24,10.36
Norte Shopping,289,227007.27,785.4922837370242,90,96085.92,1067.6213333333333,40,41705.67,1042.64175,69,52353.28,758.7431884057971,90,36862.4,409.58222222222224,22,74610.09,3391.3677272727273,40,57520.77,1438.0192499999998,85,59079.1,695.0482352941176,142,35797.31,252.09373239436619,22,8.13
Nações Shopping,264,196878.34,745.7512878787878,81,78433.71,968.3174074074075,50,44924.0,898.48,58,45155.61,778.545,75,28365.02,378.20026666666666,16,54069.42,3379.33875,46,63829.84,1387.6052173913042,72,50919.88,707.2205555555555,130,28059.2,215.84,14,7.05
