shopping_principal,qtd_clientes,valor_total,ticket_medio,clientes_vip_historico,clientes_vip_periodo,high_spenders,pct_valor
Continente Shopping,836,846352.97,392.71571440185,308,100,96,30.33
Balneário Shopping,522,642089.35,467.6599222472476,273,89,84,23.01
Neumarkt Shopping,637,589458.44,378.5402196966037,340,61,54,21.12
Garten Shopping,385,289002.59,332.13093570521426,176,25,24,10.36
Norte Shopping,289,227007.27,405.395419020474,90,22,22,8.13
Nações Shopping,264,196878.34,362.5704112665533,81,16,14,7.05
