shopping_principal,qtd_clientes,valor_total,ticket_medio,vip_hist,premium_hist,potencial_hist,pontual_hist,vip_periodo,premium_periodo,potencial_periodo,pontual_periodo,high_spenders,pct_valor
Continente Shopping,836,846352.97,392.71571440185,308,134,183,211,100,147,190,399,96,30.33
Balneário Shopping,522,642089.35,467.6599222472476,273,67,85,97,89,116,119,198,84,23.01
Neumarkt Shopping,637,589458.44,378.5402196966037,340,84,112,101,61,124,165,287,54,21.12
Garten Shopping,385,289002.59,332.13093570521426,176,56,69,84,25,49,100,211,24,10.36
Norte Shopping,289,227007.27,405.395419020474,90,40,69,90,22,40,85,142,22,8.13
Nações Shopping,264,196878.34,362.5704112665533,81,50,58,75,16,46,72,130,14,7.05
