total_clientes,qtd_high_spenders,threshold,pct_hs
4554,456,3332.3279999999995,10.013175230566535
