faixa_etaria,qtd_clientes,valor_total,pct_clientes
16-24 (Gen Z),223,200018.23,5.879251252306881
25-39 (Millennials),1570,1462379.3,41.392037964671765
40-54 (Gen X),1588,1679765.34,41.866596361718955
55-69 (Boomers),363,385303.72,9.570261007118376
70+ (Silent),42,38861.96,1.1073029264434484
Nao Informado,7,2908.29,0.18455048774057475
