genero,qtd_hs,valor_total,ticket_medio,pct_hs
Feminino,192,931845.4400000001,4853.361666666667,71.91011235955057
Masculino,75,381299.29,5083.990533333333,28.08988764044944
