faixa_etaria,qtd_hs,valor_total,ticket_medio,pct_hs
16-24 (Gen Z),10,27575.0,2757.5,3.7453183520599254
25-39 (Millennials),102,465647.54,4565.171960784313,38.20224719101123
40-54 (Gen X),118,636147.6900000001,5391.082118644068,44.19475655430712
55-69 (Boomers),32,165668.25,5177.1328125,11.985018726591761
70+ (Silent),5,18106.25,3621.25,1.8726591760299627
