faixa_etaria,Feminino,Masculino,Nao Informado,Outro
Boomers (1946-1964),969.5217482517484,894.935873015873,0.0,0.0
Gen X (1965-1980),1134.2431653543308,1212.481346153846,0.0,341.78000000000003
Gen Z (1997-2012),1010.1745595854923,1120.154,658.5,0.0
Millennials (1981-1996),931.8642331288344,972.6975806451613,190.02666666666667,253.95
Nao Informado,294.5,0.0,562.49,0.0
Silent (antes 1946),1216.7,559.75,0.0,0.0
