faixa_etaria,Feminino,Masculino,Nao Informado,Outro
16-24 (Gen Z),67132.06999999999,9318.25,0.0,0.0
25-39 (Millennials),717674.43,263372.09,1098.6100000000001,507.9
40-54 (Gen X),897079.77,350567.56,129.97,341.78000000000003
55-69 (Boomers),251142.64,104218.99,0.0,0.0
70+ (Silent),34617.42,10712.68,0.0,0.0
Nao Informado,294.5,0.0,1124.98,0.0
