total_clientes,qtd_high_spenders,threshold,pct_hs
3733,374,1930.5000000000032,10.018751674256631
