total_clientes,qtd_high_spenders,threshold,pct_hs
5857,586,2123.494000000001,10.005122076148199
