total_clientes,qtd_high_spenders,threshold,pct_hs
495,50,1813.0040000000004,10.1010101010101
