genero,qtd_clientes,valor_total,pct_clientes
Feminino,365,302809.84,73.73737373737373
Masculino,130,91700.29,26.262626262626267
