faixa_etaria,qtd_clientes,valor_total,pct_clientes
Boomers (1946-1964),24,25691.12,4.848484848484849
Gen X (1965-1980),152,138978.7,30.707070707070706
Gen Z (1997-2012),57,41518.3,11.515151515151516
Millennials (1981-1996),260,185645.73,52.52525252525253
Silent (antes 1946),2,2676.2799999999997,0.40404040404040403
