faixa_etaria,qtd_clientes,valor_total,pct_clientes
16-24 (Gen Z),337,239389.7,6.061151079136691
25-39 (Millennials),2196,2083889.66,39.49640287769784
40-54 (Gen X),2273,2598028.6,40.881294964028775
55-69 (Boomers),648,841941.08,11.654676258992806
70+ (Silent),104,144110.06,1.870503597122302
Nao Informado,2,37903.99,0.03597122302158273
