total_clientes,qtd_high_spenders,threshold,pct_hs
19549,1955,2920.776000000003,10.000511535116887
