faixa_etaria,qtd_clientes,valor_total,pct_clientes
16-24 (Gen Z),1349,1485276.55,6.900608726789094
25-39 (Millennials),8011,10424822.46,40.97907821371937
40-54 (Gen X),7715,11131481.82,39.464934267737476
55-69 (Boomers),2146,2907059.22,10.977543608368714
70+ (Silent),306,437377.61,1.565297457670469
Nao Informado,22,13235.03,0.11253772571487032
