faixa_etaria,qtd_clientes,valor_total,pct_clientes
Boomers (1946-1964),10,5070.95,3.7593984962406015
Gen X (1965-1980),59,62027.44,22.18045112781955
Gen Z (1997-2012),37,22730.63,13.909774436090224
Millennials (1981-1996),159,106744.74,59.77443609022557
Silent (antes 1946),1,779.97,0.37593984962406013
