genero,qtd_clientes,valor_total,pct_clientes
Feminino,173,119805.08,65.0375939849624
Masculino,92,76956.17,34.58646616541353
Outro,1,592.48,0.37593984962406013
