faixa_etaria,qtd_hs,valor_total,ticket_medio,pct_hs
Boomers (1946-1964),50,272684.25,5453.685,7.204610951008646
Gen X (1965-1980),233,1079738.64,4634.071416309012,33.57348703170029
Gen Z (1997-2012),70,264746.98,3782.099714285714,10.086455331412104
Millennials (1981-1996),340,1364063.8,4011.9523529411767,48.99135446685879
Nao Informado,1,4767.19,4767.19,0.1440922190201729
