genero,qtd_hs,valor_total,ticket_medio,pct_hs
Feminino,464,1955022.48,4213.410517241379,66.85878962536023
Masculino,228,1023788.44,4490.300175438596,32.85302593659942
Nao Informado,1,4767.19,4767.19,0.1440922190201729
Outro,1,2422.75,2422.75,0.1440922190201729
