faixa_etaria,Feminino,Masculino,Nao Informado,Outro
Boomers (1946-1964),1415.488701754386,1053.9943537414968,0.0,0.0
Gen X (1965-1980),1163.3119147344803,1192.5072429906543,0.0,244.50333333333333
Gen Z (1997-2012),797.4095252225519,844.4566666666667,1073.5,765.4533333333333
Millennials (1981-1996),936.2822143139582,1026.5425954198472,0.0,818.5083333333333
Nao Informado,0.0,0.0,4767.19,0.0
Silent (antes 1946),735.0200000000001,702.428,0.0,0.0
