total_clientes,qtd_high_spenders,threshold,pct_hs
2512,252,2865.4170000000004,10.031847133757962
