total_clientes,qtd_high_spenders,threshold,pct_hs
2923,293,2147.3740000000007,10.023947998631542
