faixa_etaria,qtd_clientes,valor_total,pct_clientes
16-24 (Gen Z),86,76905.73,3.4235668789808917
25-39 (Millennials),912,1094141.01,36.30573248407643
40-54 (Gen X),1099,1579149.58,43.75
55-69 (Boomers),343,505769.77999999997,13.654458598726116
70+ (Silent),72,176231.11,2.8662420382165608
