genero,qtd_clientes,valor_total,pct_clientes
Feminino,1764,2389458.98,70.22292993630573
Masculino,747,1042632.73,29.737261146496813
Outro,1,105.5,0.039808917197452234
