faixa_etaria,qtd_clientes,valor_total,pct_clientes
Boomers (1946-1964),244,265214.08,8.347588094423537
Gen X (1965-1980),891,1086357.77,30.482381115292505
Gen Z (1997-2012),317,290752.84,10.8450222374273
Millennials (1981-1996),1460,1454538.5,49.948682860075266
Nao Informado,1,185.34,0.034211426616489904
Silent (antes 1946),10,16773.53,0.34211426616489904
