total_clientes,qtd_high_spenders,threshold,pct_hs
6227,623,2286.5280000000025,10.004817729243616
