genero,qtd_clientes,valor_total,pct_clientes
Feminino,6314,9607025.4,68.85496183206106
Masculino,2845,4236702.82,31.025081788440566
Nao Informado,4,2703.0,0.04362050163576881
Outro,7,8768.81,0.07633587786259542
