shopping_principal,qtd_clientes,valor_total,ticket_medio,vip_hist,premium_hist,potencial_hist,pontual_hist,vip_periodo,premium_periodo,potencial_periodo,pontual_periodo,high_spenders,pct_valor
Balneário Shopping,9557,14414204.46,633.9114726518408,2659,1766,2324,2808,1913,2251,2531,2862,1417,33.74
Garten Shopping,6836,7855228.17,552.930011260703,1539,1191,1843,2263,833,1367,1989,2647,563,18.39
Neumarkt Shopping,6396,7582135.95,516.2242395280472,2119,1173,1507,1597,891,1220,1753,2532,613,17.75
Continente Shopping,6263,6649947.72,471.58879307459443,1322,1124,1726,2091,755,1239,1781,2488,491,15.57
Nações Shopping,3866,3494353.46,410.984730313833,575,590,1145,1556,361,704,1046,1755,214,8.18
Norte Shopping,2420,2719675.07,694.932123750638,502,470,627,821,318,394,678,1030,236,6.37
