shopping_principal,qtd_clientes,valor_total,ticket_medio,clientes_vip_historico,clientes_vip_periodo,high_spenders,pct_valor
Balneário Shopping,9557,14414204.46,633.9114726518408,2659,1913,1417,33.74
Garten Shopping,6836,7855228.17,552.930011260703,1539,833,563,18.39
Neumarkt Shopping,6396,7582135.95,516.2242395280472,2119,891,613,17.75
Continente Shopping,6263,6649947.72,471.58879307459443,1322,755,491,15.57
Nações Shopping,3866,3494353.46,410.984730313833,575,361,214,8.18
Norte Shopping,2420,2719675.07,694.932123750638,502,318,236,6.37
