faixa_etaria,qtd_clientes,valor_total,pct_clientes
16-24 (Gen Z),42,32347.510000000002,4.285714285714286
25-39 (Millennials),327,255659.47,33.36734693877551
40-54 (Gen X),460,416670.3,46.93877551020408
55-69 (Boomers),131,175681.76,13.36734693877551
70+ (Silent),20,21498.52,2.0408163265306123
