total_clientes,qtd_high_spenders,threshold,pct_hs
1557,156,1711.8640000000005,10.01926782273603
