genero,qtd_clientes,valor_total,pct_clientes
Feminino,1023,798109.23,65.70327552986512
Masculino,533,490439.99,34.232498394348106
Outro,1,459.97,0.06422607578676942
