faixa_etaria,qtd_clientes,valor_total,pct_clientes
Boomers (1946-1964),93,91669.44,5.973025048169557
Gen X (1965-1980),427,406252.54,27.42453436095055
Gen Z (1997-2012),214,124587.28,13.744380218368658
Millennials (1981-1996),823,666499.93,52.85806037251124
