total_clientes,qtd_high_spenders,threshold,pct_hs
18977,1898,3514.854000000004,10.001580861042314
