faixa_etaria,qtd_clientes,valor_total,pct_clientes
16-24 (Gen Z),1346,1270182.41,7.092796543183855
25-39 (Millennials),6983,9126647.61,36.79717552827106
40-54 (Gen X),7436,13629786.68,39.18427570216578
55-69 (Boomers),2685,5098380.02,14.148706328713706
70+ (Silent),513,1068939.16,2.7032723823575906
Nao Informado,14,9360.789999999999,0.07377351530800443
