total_clientes,qtd_high_spenders,threshold,pct_hs
32807,3281,3430.2120000000023,10.000914438991678
