genero,qtd_clientes,valor_total,pct_clientes
Feminino,20423,32317860.54,62.25195842350718
Masculino,12313,18135207.99,37.531624348462216
Nao Informado,40,35059.96,0.1219251988904807
Outro,31,38535.57,0.09449202914012253
