faixa_etaria,qtd_clientes,valor_total,pct_clientes
Boomers (1946-1964),2197,3231050.14,6.696741549059652
Gen X (1965-1980),9069,14899216.06,27.643490718444237
Gen Z (1997-2012),5034,6382584.69,15.344286280366996
Millennials (1981-1996),16419,25918257.29,50.04724601457006
Nao Informado,40,35319.93,0.1219251988904807
Silent (antes 1946),48,60235.95,0.14631023866857681
