genero,qtd_clientes,valor_total,pct_clientes
Feminino,1393,1477094.69,62.41039426523297
Masculino,831,1025590.03,37.23118279569893
Outro,8,6932.3,0.35842293906810035
