faixa_etaria,qtd_clientes,valor_total,pct_clientes
Boomers (1946-1964),9,8010.41,1.9230769230769231
Gen X (1965-1980),110,89588.71,23.504273504273502
Gen Z (1997-2012),63,44602.19,13.461538461538462
Millennials (1981-1996),286,194022.16,61.111111111111114
