loja,valor,clientes
Renner,31204.14,105
Riachuelo,19984.91,72
Havan,18797.79,65
C&A,15075.41,56
Centauro,11403.560000000001,38
General Lyy,11234.4,9
Shoulder,10243.279999999999,7
Óticas Carol,8229.5,5
Pittol,7760.89,33
Maze Skate,7514.03,9
IPLACE MOBILE,7290.530000000001,4
ADCOS,7209.78,12
Hering,7001.87,19
Cobasi,5690.29,42
Adidas,5522.85,10
Dona Torta,5328.7,64
Idéli Oui,5081.6,9
Cacau Show,5020.54,44
Pop Me,4535.6,16
Ótica Chilli Beans,4361.66,4
