genero,qtd_hs,valor_total,ticket_medio,pct_hs
Feminino,5255,33163995.73,6310.941147478592,66.94267515923566
Masculino,2593,18341420.92,7073.436529116853,33.031847133757964
Outro,2,9789.63,4894.815,0.025477707006369425
