faixa_etaria,qtd_hs,valor_total,ticket_medio,pct_hs
16-24 (Gen Z),285,1627264.14,5709.698736842105,3.6305732484076434
25-39 (Millennials),2632,16502286.9,6269.865843465046,33.52866242038217
40-54 (Gen X),3565,23603671.6,6620.945750350632,45.4140127388535
55-69 (Boomers),1150,8113942.96,7055.602573913044,14.64968152866242
70+ (Silent),215,1607912.03,7478.660604651163,2.7388535031847137
Nao Informado,3,60128.65,20042.883333333335,0.03821656050955414
