faixa_etaria,Feminino,Masculino,Nao Informado,Outro
16-24 (Gen Z),1012.6534768392371,1030.2020416666667,0.0,609.6707142857142
25-39 (Millennials),1347.354463745099,1401.7340237961403,0.0,1502.4935999999998
40-54 (Gen X),1686.5708639200998,1568.2599085078289,704.3,790.7163636363636
55-69 (Boomers),1701.94188606989,1674.8880904377882,0.0,739.5966666666667
70+ (Silent),1835.6568395303327,1867.8056456953643,1009.49,0.0
Nao Informado,881.993125,8746.243333333334,1167.4044444444444,0.0
