persona,qtd_clientes,valor_total,ticket_medio,freq_media,idade_media,pct_clientes,pct_valor
Cliente Regular,61638,86958955.46,372.69743128979763,4.3929394204873615,40.10514697527959,78.52574719086809,73.8014966255253
Senior Tradicional,8987,11970269.36,702.830517024591,2.406476020919105,62.5313230221431,11.44928274772594,10.15908929799683
Comprador Seletivo,1689,10170496.96,4507.759051707124,1.3753700414446417,38.21030805687204,2.151756822177491,8.631634235977236
Jovem Explorer,5228,3441979.75,359.4374164753889,2.007842387146136,22.224177505738332,6.660381685224348,2.921185696872807
Mae Moderna,324,2397832.59,284.92431207575993,27.753086419753085,42.06172839506173,0.4127704028333376,2.035024832846119
Executivo Exigente,168,1133532.99,252.81153443191786,29.5,38.58682634730539,0.2140290977654343,0.9620220331980357
Jovem Engajado,370,949059.59,200.2085423114559,13.54054054054054,22.44054054054054,0.4713736081738732,0.8054606654173285
Senior VIP,90,806046.76,327.85875729282134,29.31111111111111,61.05555555555556,0.11465844523148266,0.6840866121663464
