total_clientes,qtd_high_spenders,threshold,pct_hs
2422,243,2527.760000000002,10.033030553261767
