faixa_etaria,qtd_clientes,valor_total,pct_clientes
Boomers (1946-1964),216,230841.5,8.918249380677127
Gen X (1965-1980),880,1105775.87,36.33360858794385
Gen Z (1997-2012),202,163478.06,8.340214698596201
Millennials (1981-1996),1118,1111036.9,46.16019818331957
Silent (antes 1946),6,7039.4,0.2477291494632535
