faixa_etaria,qtd_clientes,valor_total,pct_clientes
16-24 (Gen Z),63,38534.68,3.1786074672048437
25-39 (Millennials),708,592918.54,35.721493440968715
40-54 (Gen X),927,864819.41,46.77093844601413
55-69 (Boomers),247,288601.35,12.462159434914229
70+ (Silent),36,38178.38,1.8163471241170535
Nao Informado,1,2052.99,0.050454086781029264
