genero,qtd_clientes,valor_total,pct_clientes
Feminino,1378,1171715.6,69.52573158425832
Masculino,598,647074.13,30.171543895055496
Nao Informado,4,5856.74,0.20181634712411706
Outro,2,458.88,0.10090817356205853
