total_clientes,qtd_high_spenders,threshold,pct_hs
2117,212,1929.1460000000006,10.014170996693435
