genero,qtd_clientes,valor_total,pct_clientes
Feminino,1379,1232576.24,65.1393481341521
Masculino,736,730490.06,34.76617855455834
Outro,2,1052.45,0.0944733112895607
