faixa_etaria,qtd_clientes,valor_total,pct_clientes
Boomers (1946-1964),118,117303.32,5.573925366084081
Gen X (1965-1980),545,593850.48,25.743977326405293
Gen Z (1997-2012),301,205398.54,14.218233349078885
Millennials (1981-1996),1152,1046786.4400000001,54.41662730278696
Silent (antes 1946),1,779.97,0.04723665564478035
