genero,qtd_clientes,valor_total,pct_clientes
Feminino,40,26139.47,66.66666666666666
Masculino,19,26451.66,31.666666666666664
Nao Informado,1,412.1,1.6666666666666667
