faixa_etaria,qtd_clientes,valor_total,pct_clientes
Boomers (1946-1964),4,3240.51,6.666666666666667
Gen X (1965-1980),17,33338.83,28.333333333333332
Gen Z (1997-2012),5,4038.2799999999997,8.333333333333332
Millennials (1981-1996),33,12205.210000000001,55.00000000000001
Silent (antes 1946),1,180.4,1.6666666666666667
