perfil_cliente,qtd_clientes,valor_total,ticket_medio,frequencia_media,pct_clientes,pct_valor
VIP,816,3242099.56,1573.5711213360908,5.5870098039215685,11.77,45.74
Premium,1232,1722447.97,592.0731060929916,4.137175324675325,17.78,24.3
Potencial,1865,1350418.24,366.83577407085056,3.1823056300268098,26.91,19.05
Pontual,3018,773421.91,169.15324277089434,2.006295559973492,43.54,10.91
