shopping_principal,qtd_clientes,valor_total,ticket_medio,vip_hist,vip_valor_hist,vip_ticket_hist,premium_hist,premium_valor_hist,premium_ticket_hist,potencial_hist,potencial_valor_hist,potencial_ticket_hist,pontual_hist,pontual_valor_hist,pontual_ticket_hist,vip_periodo,vip_valor_periodo,vip_ticket_periodo,premium_periodo,premium_valor_periodo,premium_ticket_periodo,potencial_periodo,potencial_valor_periodo,potencial_ticket_periodo,pontual_periodo,pontual_valor_periodo,pontual_ticket_periodo,high_spenders,pct_valor
Garten Shopping,1897,1778858.68,937.7220242488139,538,831731.1900000001,1545.9687546468404,318,340522.59,1070.8257547169812,439,368416.7,839.2179954441914,602,238188.2,395.66146179401994,185,713551.79,3857.0367027027028,331,457597.35,1382.469335347432,536,388006.17,723.8921082089552,845,219703.37,260.0039881656805,160,25.1
Balneário Shopping,1252,1746207.02,1394.7340415335464,577,1193531.08,2068.511403812825,213,243722.41999999998,1144.2367136150233,226,210142.7,929.8349557522124,236,98810.82,418.6899152542373,237,1009831.5599999999,4260.892658227848,279,398199.15,1427.2370967741936,311,225777.63,725.9730868167203,425,112398.68,264.46748235294115,202,24.63
Continente Shopping,1503,1529982.82,1017.9526413838989,493,772219.27,1566.3676876267748,246,285215.0,1159.4105691056911,327,285559.35,873.2701834862385,437,186989.2,427.89290617848974,174,698530.36,4014.5422988505748,270,378817.6,1403.0281481481481,394,285666.88,725.0428426395939,665,166967.98,251.07966917293234,146,21.58
Neumarkt Shopping,1087,1128092.06,1037.8031830726773,551,764807.34,1388.0350998185118,183,170884.54,933.7953005464482,174,123414.78,709.2803448275862,179,68985.4,385.39329608938544,138,531919.56,3854.489565217392,183,256364.06,1400.8965027322404,301,218677.42,726.5030564784054,465,121131.02,260.49681720430107,120,15.91
Nações Shopping,595,475532.73,799.2146722689075,152,190592.5,1253.8980263157894,95,105412.23,1109.6024210526316,136,102432.73,753.1818382352941,212,77095.27,363.6569339622642,44,161286.17,3665.594772727273,102,137142.88,1344.5380392156862,141,102935.83,730.0413475177305,308,74167.85,240.8047077922078,36,6.71
Norte Shopping,597,429714.37,719.7895644891122,177,178921.82,1010.8577401129944,91,87279.52,959.1156043956045,120,85524.43000000001,712.7035833333334,209,77988.6,373.15119617224883,38,126980.12,3341.5821052631577,67,94326.93000000001,1407.8646268656717,182,129354.31,710.737967032967,310,79053.01,255.00970967741935,30,6.06
