shopping_principal,qtd_clientes,valor_total,ticket_medio,vip_hist,premium_hist,potencial_hist,pontual_hist,vip_periodo,premium_periodo,potencial_periodo,pontual_periodo,high_spenders,pct_valor
Garten Shopping,1897,1778858.68,469.0332193472941,538,318,439,602,185,331,536,845,160,25.1
Balneário Shopping,1252,1746207.02,536.1855699472707,577,213,226,236,237,279,311,425,202,24.63
Continente Shopping,1503,1529982.82,473.46157483644873,493,246,327,437,174,270,394,665,146,21.58
Neumarkt Shopping,1087,1128092.06,448.2658218877306,551,183,174,179,138,183,301,465,120,15.91
Nações Shopping,595,475532.73,386.10220291047955,152,95,136,212,44,102,141,308,36,6.71
Norte Shopping,597,429714.37,365.9170021152933,177,91,120,209,38,67,182,310,30,6.06
