shopping_principal,qtd_clientes,valor_total,ticket_medio,clientes_vip_historico,clientes_vip_periodo,high_spenders,pct_valor
Garten Shopping,1897,1778858.68,469.0332193472941,538,185,160,25.1
Balneário Shopping,1252,1746207.02,536.1855699472707,577,237,202,24.63
Continente Shopping,1503,1529982.82,473.46157483644873,493,174,146,21.58
Neumarkt Shopping,1087,1128092.06,448.2658218877306,551,138,120,15.91
Nações Shopping,595,475532.73,386.10220291047955,152,44,36,6.71
Norte Shopping,597,429714.37,365.9170021152933,177,38,30,6.06
