total_clientes,qtd_high_spenders,threshold,pct_hs
473,48,1576.1760000000002,10.14799154334038
