total_clientes,qtd_high_spenders,threshold,pct_hs
236,24,1206.1999999999998,10.16949152542373
