faixa_etaria,qtd_clientes,valor_total,pct_clientes
Boomers (1946-1964),1,1213.1299999999999,0.423728813559322
Gen X (1965-1980),55,29123.36,23.30508474576271
Gen Z (1997-2012),41,25887.08,17.372881355932204
Millennials (1981-1996),138,60025.21,58.47457627118644
Silent (antes 1946),1,375.76,0.423728813559322
