faixa_etaria,qtd_clientes,valor_total,pct_clientes
16-24 (Gen Z),25,12418.78,10.59322033898305
25-39 (Millennials),118,53023.29,50.0
40-54 (Gen X),85,45807.36,36.016949152542374
55-69 (Boomers),7,4999.35,2.9661016949152543
70+ (Silent),1,375.76,0.423728813559322
