genero,qtd_clientes,valor_total,pct_clientes
Feminino,368,372382.13,77.80126849894292
Masculino,105,86749.26,22.198731501057082
