genero,qtd_clientes,valor_total,pct_clientes
Feminino,173,92361.76,73.30508474576271
Masculino,61,24041.11,25.847457627118644
Outro,2,221.67000000000002,0.847457627118644
