total_clientes,qtd_high_spenders,threshold,pct_hs
1904,191,1968.2600000000002,10.031512605042018
