total_clientes,qtd_high_spenders,threshold,pct_hs
652,66,1435.099999999999,10.122699386503067
