genero,qtd_clientes,valor_total,pct_clientes
Feminino,1320,1163774.03,69.32773109243698
Masculino,582,614161.25,30.567226890756306
Outro,2,613.55,0.10504201680672269
