total_clientes,qtd_high_spenders,threshold,pct_hs
28385,2839,4774.3040000000055,10.001761493746697
