faixa_etaria,qtd_clientes,valor_total,pct_clientes
16-24 (Gen Z),2010,2916837.4,7.081204861722741
25-39 (Millennials),11308,21825647.04,39.837942575303856
40-54 (Gen X),10536,24772624.71,37.118196230403385
55-69 (Boomers),3753,8561972.17,13.221772062709178
70+ (Silent),762,1570613.66,2.684516469966532
Nao Informado,16,17387.43,0.05636779989431037
