faixa_etaria,qtd_clientes,valor_total,pct_clientes
16-24 (Gen Z),663,714021.0,6.591112436623919
25-39 (Millennials),3961,5707607.9,39.37767173675316
40-54 (Gen X),3938,6926980.06,39.14902077741326
55-69 (Boomers),1226,2535190.67,12.18809026742221
70+ (Silent),267,692557.69,2.654339397554429
Nao Informado,4,683.65,0.039765384233025156
