faixa_etaria,qtd_clientes,valor_total,pct_clientes
16-24 (Gen Z),87,55992.47,3.789198606271777
25-39 (Millennials),867,853504.84,37.76132404181185
40-54 (Gen X),1041,1118727.25,45.3397212543554
55-69 (Boomers),262,334407.43,11.411149825783973
70+ (Silent),38,43118.42,1.6550522648083623
Nao Informado,1,3296.04,0.04355400696864112
