genero,qtd_clientes,valor_total,pct_clientes
Feminino,1618,2382285.87,76.90114068441065
Masculino,483,618612.69,22.956273764258555
Nao Informado,3,3711.97,0.14258555133079848
