faixa_etaria,qtd_clientes,valor_total,pct_clientes
Boomers (1946-1964),149,190092.84,7.081749049429657
Gen X (1965-1980),731,1083039.61,34.743346007604565
Gen Z (1997-2012),212,265988.46,10.076045627376425
Millennials (1981-1996),1006,1458295.04,47.81368821292776
Nao Informado,2,3250.36,0.09505703422053231
Silent (antes 1946),4,3944.2200000000003,0.19011406844106463
