total_clientes,qtd_high_spenders,threshold,pct_hs
8477,848,2995.2420000000006,10.003538987849476
