total_clientes,qtd_high_spenders,threshold,pct_hs
6738,674,2262.1700000000023,10.002968239833779
