faixa_etaria,qtd_clientes,valor_total,pct_clientes
16-24 (Gen Z),356,304824.38,5.283466904125853
25-39 (Millennials),2716,2780088.89,40.30869694271297
40-54 (Gen X),2650,2989600.69,39.32917779756605
55-69 (Boomers),879,1073163.52,13.045414069456813
70+ (Silent),134,178335.14,1.9887206886316413
Nao Informado,3,4611.12,0.04452359750667854
