total_clientes,qtd_high_spenders,threshold,pct_hs
16645,1665,2606.7620000000006,10.003003905076598
