total_clientes,qtd_high_spenders,threshold,pct_hs
14597,1460,2605.4759999999987,10.002055216825376
