faixa_etaria,qtd_clientes,valor_total,pct_clientes
16-24 (Gen Z),1036,941571.98,7.097348770295266
25-39 (Millennials),6451,7258117.11,44.19401246831541
40-54 (Gen X),5310,7327576.64,36.377337809138865
55-69 (Boomers),1586,1992844.71,10.865246283482907
70+ (Silent),205,250302.92,1.4043981640063028
Nao Informado,9,6637.67,0.06165650476125231
