genero,qtd_clientes,valor_total,pct_clientes
Feminino,117,238495.87,70.48192771084338
Masculino,49,64837.86,29.518072289156628
