genero,qtd_clientes,valor_total,pct_clientes
Feminino,39,23376.05,57.35294117647059
Masculino,29,27837.72,42.64705882352941
