faixa_etaria,qtd_hs,valor_total,ticket_medio,pct_hs
Boomers (1946-1964),29,112077.95,3864.756896551724,4.588607594936709
Gen X (1965-1980),171,739632.81,4325.338070175439,27.056962025316455
Gen Z (1997-2012),96,369034.02,3844.1043750000003,15.18987341772152
Millennials (1981-1996),336,1255229.63,3735.802470238095,53.16455696202531
