genero,qtd_hs,valor_total,ticket_medio,pct_hs
Feminino,463,1772709.64,3828.7465226781856,73.25949367088607
Masculino,168,699849.07,4165.768273809524,26.582278481012654
Outro,1,3415.7,3415.7,0.15822784810126583
