faixa_etaria,Feminino,Masculino,Nao Informado,Outro
16-24 (Gen Z),616.317906504065,795.8606470588235,0.0,185.5325
25-39 (Millennials),744.9537791465024,661.5855701179554,231.46333333333334,973.6642857142857
40-54 (Gen X),935.5558231707317,964.8728264758498,0.0,0.0
55-69 (Boomers),1268.6661711711713,1156.984,0.0,0.0
70+ (Silent),1190.7800000000002,1251.9784615384615,0.0,0.0
Nao Informado,496.6295,762.0826666666667,598.4783333333334,0.0
