genero,qtd_clientes,valor_total,pct_clientes
Feminino,838,934723.23,80.03820439350525
Masculino,206,272930.13,19.675262655205348
Nao Informado,3,1578.0,0.28653295128939826
