genero,qtd_clientes,valor_total,pct_clientes
Feminino,982,759458.89,74.79055597867479
Masculino,324,252683.27,24.676313785224675
Nao Informado,4,906.48,0.30464584920030463
Outro,3,3030.89,0.2284843869002285
