genero,qtd_hs,valor_total,ticket_medio,pct_hs
Feminino,1264,6720192.42,5316.60792721519,71.13111986494091
Masculino,512,2851072.27,5568.50052734375,28.812605514912775
Outro,1,2978.6,2978.6,0.056274620146314014
