faixa_etaria,qtd_hs,valor_total,ticket_medio,pct_hs
16-24 (Gen Z),66,354381.55,5369.417424242424,3.714124929656725
25-39 (Millennials),620,3219304.51,5192.426629032258,34.89026449071469
40-54 (Gen X),837,4245894.7299999995,5072.753560334528,47.10185706246483
55-69 (Boomers),218,1244912.01,5710.605550458716,12.267867191896455
70+ (Silent),36,509750.49,14159.735833333332,2.0258863252673045
