faixa_etaria,Feminino,Masculino,Nao Informado,Outro
Boomers (1946-1964),1388.9301566579634,1847.9099090909092,0.0,459.97
Gen X (1965-1980),1318.3050618349153,1124.9793513853904,0.0,2089.05
Gen Z (1997-2012),886.4471471291866,893.9397158322056,0.0,931.4342857142857
Millennials (1981-1996),1144.3229766847653,1054.2157524271845,0.0,875.6666666666666
Nao Informado,84.95,108.0,39.0,0.0
Silent (antes 1946),2203.616153846154,1030.78125,0.0,0.0
