total_clientes,qtd_high_spenders,threshold,pct_hs
12829,1283,3180.6820000000007,10.000779483981605
