faixa_etaria,qtd_clientes,valor_total,pct_clientes
Boomers (1946-1964),1254,2051781.15,9.774729129316393
Gen X (1965-1980),4122,6743930.29,32.13032972172422
Gen Z (1997-2012),1612,1608740.06,12.565281783459351
Millennials (1981-1996),5781,8047120.69,45.06196897653753
Nao Informado,9,13983.42,0.07015355834437602
Silent (antes 1946),51,85393.22,0.3975368306181308
