total_clientes,qtd_high_spenders,threshold,pct_hs
25368,2537,3179.8120000000004,10.00078839482813
