faixa_etaria,qtd_clientes,valor_total,pct_clientes
16-24 (Gen Z),945,886298.4400000001,6.521739130434782
25-39 (Millennials),5878,6673979.54,40.565907522429264
40-54 (Gen X),5806,7372657.04,40.069013112491376
55-69 (Boomers),1647,2244335.7,11.366459627329192
70+ (Silent),202,302866.99,1.3940648723257418
Nao Informado,12,6581.860000000001,0.08281573498964803
