total_clientes,qtd_high_spenders,threshold,pct_hs
2608,261,3283.104000000003,10.007668711656443
