faixa_etaria,qtd_clientes,valor_total,pct_clientes
Boomers (1946-1964),97,162853.04,3.7193251533742333
Gen X (1965-1980),590,1106154.56,22.62269938650307
Gen Z (1997-2012),516,472456.32,19.78527607361963
Millennials (1981-1996),1392,1700251.22,53.37423312883436
Nao Informado,8,3994.17,0.3067484662576687
Silent (antes 1946),5,12086.07,0.19171779141104295
