faixa_etaria,qtd_clientes,valor_total,pct_clientes
16-24 (Gen Z),37,22829.02,6.7765567765567765
25-39 (Millennials),229,146452.97,41.94139194139194
40-54 (Gen X),227,199026.21,41.57509157509158
55-69 (Boomers),45,43575.36,8.241758241758241
70+ (Silent),6,3134.72,1.098901098901099
Nao Informado,2,337.57,0.3663003663003663
