faixa_etaria,qtd_clientes,valor_total,pct_clientes
Boomers (1946-1964),24,23262.32,4.395604395604396
Gen X (1965-1980),143,130870.23,26.190476190476193
Gen Z (1997-2012),76,45987.24,13.91941391941392
Millennials (1981-1996),301,214635.47,55.12820512820513
Nao Informado,1,210.6,0.18315018315018314
Silent (antes 1946),1,389.99,0.18315018315018314
