loja,valor,clientes
Vivara ,99190.03,32
Renner,74360.84,232
Brooksfield,62163.509999999995,17
Havan,54496.36,176
Centauro,41486.130000000005,102
Hering,41329.44,104
C&A,39964.340000000004,130
Riachuelo,39631.5,129
Le Lis Blanc,37929.58,19
Samsung,31678.010000000002,9
Pittol,28542.66,88
Shoulder,28456.37,30
Damyller,28311.0,28
Levi's,27047.59,45
OJO Sol & Grau,26100.98,16
Maze Skate,24346.68,22
Adidas,22897.04,35
Makenji,21562.01,30
Idéli Oui,19654.31,37
Beagle,16514.09,33
