total_clientes,qtd_high_spenders,threshold,pct_hs
5022,503,1972.3090000000004,10.015929908403026
