faixa_etaria,qtd_clientes,valor_total,pct_clientes
Boomers (1946-1964),243,249396.72,4.838709677419355
Gen X (1965-1980),1220,1287810.22,24.29311031461569
Gen Z (1997-2012),910,660328.91,18.12027080844285
Millennials (1981-1996),2642,2479567.91,52.608522500995626
Nao Informado,2,396.39,0.039824771007566706
Silent (antes 1946),5,4744.78,0.09956192751891675
