total_clientes,qtd_high_spenders,threshold,pct_hs
388,39,1630.2450000000001,10.051546391752577
