faixa_etaria,qtd_clientes,valor_total,pct_clientes
Boomers (1946-1964),24,24839.47,6.185567010309279
Gen X (1965-1980),122,109436.28,31.443298969072163
Gen Z (1997-2012),53,27818.03,13.65979381443299
Millennials (1981-1996),188,125603.6,48.45360824742268
Silent (antes 1946),1,699.0,0.25773195876288657
