faixa_etaria,qtd_clientes,valor_total,pct_clientes
16-24 (Gen Z),18,9500.39,4.639175257731959
25-39 (Millennials),156,90203.42,40.20618556701031
40-54 (Gen X),161,141361.78,41.49484536082475
55-69 (Boomers),47,44861.73,12.11340206185567
70+ (Silent),6,2469.06,1.5463917525773196
