genero,qtd_clientes,valor_total,pct_clientes
Feminino,212,143220.63,67.08860759493672
Masculino,104,87151.97,32.91139240506329
