total_clientes,qtd_high_spenders,threshold,pct_hs
3886,389,1905.0949999999998,10.010293360782295
