faixa_etaria,qtd_clientes,valor_total,pct_clientes
Boomers (1946-1964),162,137698.61,4.1688111168296444
Gen X (1965-1980),986,956936.75,25.37313432835821
Gen Z (1997-2012),689,515067.97,17.73031394750386
Millennials (1981-1996),2031,1870889.71,52.26453937210499
Nao Informado,13,7526.43,0.33453422542460115
Silent (antes 1946),5,4493.05,0.12866700977869275
