shopping_principal,qtd_clientes,valor_total,ticket_medio,clientes_vip_historico,clientes_vip_periodo,high_spenders,pct_valor
Balneário Shopping,27241,59005266.4,635.7859826522457,5637,8168,4243,36.03
Neumarkt Shopping,17626,31209981.69,462.4238678620934,3685,4373,2037,19.06
Garten Shopping,19741,29384318.04,475.46209263463476,2810,3744,1459,17.94
Continente Shopping,19322,26362972.55,442.7816833991432,2504,3590,1420,16.1
Norte Shopping,9728,11385213.8,453.4513190530759,996,1466,585,6.95
Nações Shopping,6400,6429361.31,376.8895591272167,676,744,262,3.93
