perfil_cliente,qtd_clientes,valor_total,ticket_medio,frequencia_media,pct_clientes,pct_valor
VIP,22085,104497365.35,1134.0253775838905,9.668145800316957,22.07,63.8
Premium,22902,32310554.53,468.7050914865965,5.202864378656886,22.89,19.73
Potencial,24863,18120271.27,344.86459608744883,3.305554438322005,24.85,11.06
Pontual,30208,8848922.64,194.69407422469766,1.9807997881355932,30.19,5.4
