shopping_principal,qtd_clientes,valor_total,ticket_medio,vip_hist,premium_hist,potencial_hist,pontual_hist,vip_periodo,premium_periodo,potencial_periodo,pontual_periodo,high_spenders,pct_valor
Balneário Shopping,27241,59005266.4,635.7859826522457,5637,4818,7471,9315,8168,6487,6258,6328,4243,36.03
Neumarkt Shopping,17626,31209981.69,462.4238678620934,3685,3228,4839,5874,4373,4180,4106,4967,2037,19.06
Garten Shopping,19741,29384318.04,475.46209263463476,2810,3115,5771,8045,3744,4700,5206,6091,1459,17.94
Continente Shopping,19322,26362972.55,442.7816833991432,2504,3055,5766,7997,3590,4525,5175,6032,1420,16.1
Norte Shopping,9728,11385213.8,453.4513190530759,996,1477,2546,4709,1466,1903,2507,3852,585,6.95
Nações Shopping,6400,6429361.31,376.8895591272167,676,828,1618,3278,744,1107,1611,2938,262,3.93
