faixa_etaria,qtd_clientes,valor_total,pct_clientes
16-24 (Gen Z),2979,3669832.11,6.972498537156231
25-39 (Millennials),15925,29089767.85,37.273259215915736
40-54 (Gen X),16126,45024173.85,37.743709771796375
55-69 (Boomers),6319,16487498.45,14.789935634874196
70+ (Silent),1332,3236512.77,3.117612638970158
Nao Informado,44,40546.97,0.10298420128730251
