total_clientes,qtd_high_spenders,threshold,pct_hs
10225,1023,2441.1480000000015,10.004889975550123
