faixa_etaria,qtd_clientes,valor_total,pct_clientes
Boomers (1946-1964),617,787618.63,6.034229828850856
Gen X (1965-1980),3040,3615383.87,29.731051344743275
Gen Z (1997-2012),1464,1431181.21,14.317848410757946
Millennials (1981-1996),5087,5391159.22,49.75061124694376
Nao Informado,3,1748.1100000000001,0.0293398533007335
Silent (antes 1946),14,25001.84,0.136919315403423
