total_clientes,qtd_high_spenders,threshold,pct_hs
618,62,1243.6100000000001,10.032362459546926
