total_clientes,qtd_high_spenders,threshold,pct_hs
789,79,1802.6200000000003,10.012674271229404
