faixa_etaria,qtd_clientes,valor_total,pct_clientes
16-24 (Gen Z),61,37821.8,9.870550161812297
25-39 (Millennials),320,168380.73,51.7799352750809
40-54 (Gen X),207,133040.73,33.49514563106796
55-69 (Boomers),24,11260.61,3.8834951456310676
70+ (Silent),1,677.96,0.16181229773462785
Nao Informado,5,1289.41,0.8090614886731391
