loja,valor,clientes
Renner,52879.020000000004,172
Coliseu,33163.92,13
Centauro,29427.54,58
C&A,24681.56,93
Riachuelo,24592.850000000002,98
Havan,23704.64,104
Pittol,12916.75,47
Levi's,12852.029999999999,19
Idéli Oui,12488.9,23
Dona Torta,11161.83,127
Makenji,10456.74,16
McDonald's,9769.289999999999,102
Hering,9438.37,38
Granado Phamácias,9416.83,42
Samsung,9236.0,3
Outback Steakhouse,9061.37,24
Livrarias Curitiba,8751.53,78
Beagle,7198.56,18
Le Lis Blanc,7170.93,5
Brooksfield,7133.53,7
