total_clientes,qtd_high_spenders,threshold,pct_hs
316,32,1555.9099999999999,10.126582278481013
