genero,qtd_clientes,valor_total,pct_clientes
Feminino,231,141844.91,73.10126582278481
Masculino,84,60559.05,26.582278481012654
Outro,1,1190.5,0.31645569620253167
