genero,qtd_clientes,valor_total,pct_clientes
Feminino,500,363131.21,72.99270072992701
Masculino,184,134338.54,26.86131386861314
Outro,1,18.0,0.145985401459854
