total_clientes,qtd_high_spenders,threshold,pct_hs
313,32,2526.360000000001,10.223642172523961
