faixa_etaria,qtd_clientes,valor_total,pct_clientes
Boomers (1946-1964),11,12166.25,3.5143769968051117
Gen X (1965-1980),90,92916.88,28.753993610223645
Gen Z (1997-2012),42,25689.41,13.418530351437699
Millennials (1981-1996),169,198531.73,53.99361022364217
Nao Informado,1,377.86,0.3194888178913738
