genero,qtd_clientes,valor_total,pct_clientes
Feminino,247,265264.41,78.91373801916933
Masculino,65,63695.22,20.766773162939298
Nao Informado,1,722.5,0.3194888178913738
