genero,qtd_clientes,valor_total,pct_clientes
Feminino,293,204222.42,73.06733167082294
Masculino,106,55158.77,26.433915211970078
Nao Informado,2,1355.3999999999999,0.4987531172069825
