faixa_etaria,qtd_clientes,valor_total,pct_clientes
16-24 (Gen Z),18,12666.16,5.7507987220447285
25-39 (Millennials),128,126405.13,40.894568690095845
40-54 (Gen X),137,149165.89,43.76996805111821
55-69 (Boomers),26,35250.15,8.30670926517572
70+ (Silent),3,5816.9400000000005,0.9584664536741214
Nao Informado,1,377.86,0.3194888178913738
