total_clientes,qtd_high_spenders,threshold,pct_hs
4188,419,1851.5410000000002,10.004775549188157
