faixa_etaria,qtd_clientes,valor_total,pct_clientes
Boomers (1946-1964),195,172975.26,4.656160458452722
Gen X (1965-1980),947,948442.25,22.61222540592168
Gen Z (1997-2012),850,612852.37,20.296084049665712
Millennials (1981-1996),2195,1879508.72,52.4116523400191
Silent (antes 1946),1,186.29999999999998,0.02387774594078319
