shopping_principal,qtd_clientes,valor_total,ticket_medio,clientes_vip_historico,clientes_vip_periodo,high_spenders,pct_valor
Balneário Shopping,8330,11787204.42,595.6926580855179,2097,1535,1164,32.14
Continente Shopping,6683,7321290.2,524.0801740277861,1169,809,607,19.96
Neumarkt Shopping,5018,6072483.94,514.6428783426085,1552,697,511,16.56
Garten Shopping,5509,5939787.72,545.9042391648609,1162,586,439,16.19
Norte Shopping,2719,2843828.08,606.3956546591211,483,346,260,7.75
Nações Shopping,3333,2713885.21,429.81533706038135,445,251,179,7.4
