perfil_cliente,qtd_clientes,valor_total,ticket_medio,frequencia_media,pct_clientes,pct_valor
VIP,4224,18205577.14,1845.6988644513056,5.102035984848484,13.37,49.64
Premium,6150,8581191.85,591.3673498849513,4.036585365853658,19.47,23.4
Potencial,8772,6318291.1,376.26400135853805,2.980050159598723,27.77,17.23
Pontual,12446,3573419.48,192.99753657809964,1.974610316567572,39.4,9.74
