shopping_principal,qtd_clientes,valor_total,ticket_medio,vip_hist,vip_valor_hist,vip_ticket_hist,premium_hist,premium_valor_hist,premium_ticket_hist,potencial_hist,potencial_valor_hist,potencial_ticket_hist,pontual_hist,pontual_valor_hist,pontual_ticket_hist,vip_periodo,vip_valor_periodo,vip_ticket_periodo,premium_periodo,premium_valor_periodo,premium_ticket_periodo,potencial_periodo,potencial_valor_periodo,potencial_ticket_periodo,pontual_periodo,pontual_valor_periodo,pontual_ticket_periodo,high_spenders,pct_valor
Balneário Shopping,8330,11787204.42,1415.0305426170469,2097,6128759.24,2922.63196948021,1360,2181005.25,1603.680330882353,2017,2154695.51,1068.2674814080317,2856,1322744.42,463.1458053221288,1535,6734398.98,4387.230605863192,1855,2613885.48,1409.1026846361185,2227,1627387.91,730.7534396048495,2713,811532.05,299.12718392922966,1164,32.14
Continente Shopping,6683,7321290.2,1095.5095316474637,1169,2824129.35,2415.8505988023953,1046,1581460.71,1511.912724665392,1773,1727635.23,974.4135532994924,2695,1188064.91,440.8404118738404,809,3367958.1,4163.11260815822,1288,1805491.74,1401.779301242236,1914,1372944.07,717.3166509926855,2672,774896.29,290.00609655688623,607,19.96
Neumarkt Shopping,5018,6072483.94,1210.1402829812675,1552,3450789.6,2223.4469072164948,894,1051011.68,1175.6282774049216,1147,970179.54,845.8409241499564,1425,600503.12,421.405698245614,697,3147152.34,4515.283127690101,1002,1400842.0,1398.0459081836327,1366,977098.59,715.2991142020497,1953,547391.01,280.2821351766513,511,16.56
Garten Shopping,5509,5939787.72,1078.1970811399528,1162,2634198.95,2266.952624784854,952,1207212.13,1268.0799684873948,1436,1250294.69,870.6787534818941,1959,848081.95,432.91574783052573,586,2659200.56,4537.884914675768,1054,1449976.91,1375.6896679316887,1640,1178399.23,718.5361158536585,2229,652211.02,292.6025213100045,439,16.19
Norte Shopping,2719,2843828.08,1045.9095549834499,483,1038850.98,2150.8301863354036,463,672378.04,1452.2203887688986,731,701955.52,960.2674692202463,1042,430643.54,413.285547024952,346,1333494.94,3854.03161849711,465,647605.27,1392.6995053763442,744,535115.99,719.2419220430107,1164,327611.88,281.4535051546392,260,7.75
Nações Shopping,3333,2713885.21,814.2469876987699,445,860109.32,1932.8299325842695,455,539371.03,1185.4308351648351,841,699582.51,831.8460285374554,1592,614822.35,386.19494346733666,251,963372.22,3838.1363346613543,486,663390.45,1365.000925925926,881,627345.31,712.0832122587968,1715,459777.23,268.09167930029156,179,7.4
