perfil_cliente,qtd_clientes,valor_total,ticket_medio,frequencia_media,pct_clientes,pct_valor
VIP,6908,93661563.35,940.4478390426617,5.025767226404169,21.87,71.54
Premium,5170,18409321.52,671.9909498419917,3.3237911025145066,16.36,14.06
Potencial,7945,12990177.2,487.76717453169726,2.828697293895532,25.15,9.92
Pontual,11569,5863076.41,284.3512214503198,1.963609646469012,36.62,4.48
