shopping_principal,qtd_clientes,valor_total,ticket_medio,vip_hist,premium_hist,potencial_hist,pontual_hist,vip_periodo,premium_periodo,potencial_periodo,pontual_periodo,high_spenders,pct_valor
Balneário Shopping,8330,11787204.42,595.6926580855179,2097,1360,2017,2856,1535,1855,2227,2713,1164,32.14
Continente Shopping,6683,7321290.2,524.0801740277861,1169,1046,1773,2695,809,1288,1914,2672,607,19.96
Neumarkt Shopping,5018,6072483.94,514.6428783426085,1552,894,1147,1425,697,1002,1366,1953,511,16.56
Garten Shopping,5509,5939787.72,545.9042391648609,1162,952,1436,1959,586,1054,1640,2229,439,16.19
Norte Shopping,2719,2843828.08,606.3956546591211,483,463,731,1042,346,465,744,1164,260,7.75
Nações Shopping,3333,2713885.21,429.81533706038135,445,455,841,1592,251,486,881,1715,179,7.4
