total_clientes,qtd_high_spenders,threshold,pct_hs
6634,664,2469.0339999999997,10.009044317154055
