faixa_etaria,qtd_clientes,valor_total,pct_clientes
16-24 (Gen Z),456,455535.61,6.8736810370817
25-39 (Millennials),2606,2579220.56,39.28248417244498
40-54 (Gen X),2698,3098603.74,40.66927946940006
55-69 (Boomers),772,1119179.16,11.637021404883932
70+ (Silent),96,140715.71,1.4470907446487788
Nao Informado,6,2909.84,0.09044317154054868
