faixa_etaria,qtd_hs,valor_total,ticket_medio,pct_hs
Boomers (1946-1964),81,398944.0,4925.234567901234,8.86214442013129
Gen X (1965-1980),346,1520823.19,4395.44274566474,37.85557986870897
Gen Z (1997-2012),62,267670.04,4317.258709677419,6.783369803063458
Millennials (1981-1996),423,1885415.48,4457.246997635933,46.2800875273523
Nao Informado,1,2872.5,2872.5,0.10940919037199125
Silent (antes 1946),1,3313.0,3313.0,0.10940919037199125
