genero,qtd_hs,valor_total,ticket_medio,pct_hs
Feminino,621,2539885.41,4089.9926086956525,67.94310722100656
Masculino,291,1532722.46,5267.0874914089345,31.838074398249454
Nao Informado,1,2872.5,2872.5,0.10940919037199125
Outro,1,3557.84,3557.84,0.10940919037199125
