faixa_etaria,Feminino,Masculino,Nao Informado,Outro
16-24 (Gen Z),194223.49,70537.3,0.0,0.0
25-39 (Millennials),2039315.54,911449.1,1946.3899999999999,5830.6900000000005
40-54 (Gen X),3147349.93,1373374.61,2638.44,469.97
55-69 (Boomers),918980.18,450509.01,0.0,0.0
70+ (Silent),105118.93,92824.84,0.0,0.0
Nao Informado,2603.4700000000003,542.2,4925.49,0.0
