faixa_etaria,Feminino,Masculino,Nao Informado,Outro
Boomers (1946-1964),1052.908621399177,1368.9918627450982,0.0,0.0
Gen X (1965-1980),1059.915072529465,1232.1167185628742,1319.22,469.97
Gen Z (1997-2012),755.9593447737909,940.570925925926,390.54,0.0
Millennials (1981-1996),939.204313304721,1100.7332085987262,1165.31,1166.1380000000001
Nao Informado,425.6,0.0,2462.745,0.0
Silent (antes 1946),1002.8100000000001,1365.2575000000002,0.0,0.0
