total_clientes,qtd_high_spenders,threshold,pct_hs
547,55,1453.9040000000007,10.054844606946983
