faixa_etaria,qtd_clientes,valor_total,pct_clientes
Boomers (1946-1964),14,7281.25,2.5594149908592323
Gen X (1965-1980),124,92205.3,22.6691042047532
Gen Z (1997-2012),97,45101.12,17.73308957952468
Millennials (1981-1996),312,214227.87,57.038391224862885
