genero,qtd_clientes,valor_total,pct_clientes
Feminino,381,238645.68,69.6526508226691
Masculino,166,120169.86,30.347349177330894
