genero,qtd_clientes,valor_total,pct_clientes
Feminino,843,619899.31,64.30205949656751
Masculino,467,389601.99,35.621662852784134
Nao Informado,1,354.16,0.07627765064836003
