genero,qtd_clientes,valor_total,pct_clientes
Feminino,10322,12434271.34,63.69245958287054
Masculino,5871,7634839.69,36.22732321362459
Outro,13,19255.25,0.08021720350487474
