faixa_etaria,qtd_clientes,valor_total,pct_clientes
Boomers (1946-1964),34,37309.13,3.761061946902655
Gen X (1965-1980),249,281748.37,27.544247787610622
Gen Z (1997-2012),156,108853.39,17.25663716814159
Millennials (1981-1996),464,346887.4,51.32743362831859
Silent (antes 1946),1,4375.15,0.11061946902654868
