genero,qtd_clientes,valor_total,pct_clientes
Feminino,1565,1533238.83,68.01390699695784
Masculino,731,830208.95,31.768796175575837
Nao Informado,1,69.97,0.0434593654932638
Outro,4,4609.36,0.1738374619730552
