genero,qtd_clientes,valor_total,pct_clientes
Feminino,558,437331.33,61.72566371681416
Masculino,346,341842.11,38.27433628318584
