genero,qtd_clientes,valor_total,pct_clientes
Feminino,45408,124907550.54,65.12721952898654
Masculino,24203,56122205.41,34.71357677634032
Nao Informado,54,49025.12,0.07745044605719859
Outro,57,83113.86,0.08175324861593185
