faixa_etaria,qtd_clientes,valor_total,pct_clientes
16-24 (Gen Z),4817,7839021.11,6.90886664180603
25-39 (Millennials),27797,65146834.83,39.86833424170276
40-54 (Gen X),25825,77310501.94,37.039958693095436
55-69 (Boomers),9220,25387422.11,13.223946530506868
70+ (Silent),1988,5413511.24,2.8513238289205702
Nao Informado,75,64603.7,0.10757006396833137
