total_clientes,qtd_high_spenders,threshold,pct_hs
795,80,1845.4680000000003,10.062893081761008
