genero,qtd_clientes,valor_total,pct_clientes
Feminino,599,502306.92,75.34591194968554
Masculino,192,147909.73,24.150943396226417
Nao Informado,2,1267.4,0.25157232704402516
Outro,2,630.0699999999999,0.25157232704402516
