faixa_etaria,qtd_clientes,valor_total,pct_clientes
Boomers (1946-1964),15,8167.71,1.3711151736745886
Gen X (1965-1980),153,105694.96,13.985374771480805
Gen Z (1997-2012),281,182011.29,25.685557586837295
Millennials (1981-1996),642,429780.36,58.68372943327239
Nao Informado,3,1605.6399999999999,0.2742230347349177
