total_clientes,qtd_high_spenders,threshold,pct_hs
1656,166,2315.9849999999997,10.024154589371982
