genero,qtd_clientes,valor_total,pct_clientes
Feminino,993,1235142.64,71.95652173913044
Masculino,386,466251.94,27.97101449275362
Outro,1,1493.69,0.07246376811594203
