faixa_etaria,qtd_clientes,valor_total,pct_clientes
16-24 (Gen Z),69,68153.65,4.166666666666666
25-39 (Millennials),667,629276.55,40.27777777777778
40-54 (Gen X),727,754638.8,43.90096618357488
55-69 (Boomers),163,185616.62,9.842995169082126
70+ (Silent),29,34009.97,1.7512077294685993
Nao Informado,1,346.28,0.06038647342995169
