total_clientes,qtd_high_spenders,threshold,pct_hs
823,83,1833.6040000000012,10.08505467800729
