genero,qtd_clientes,valor_total,pct_clientes
Feminino,605,507222.28,73.51154313487241
Masculino,217,179017.9,26.366950182260023
Nao Informado,1,929.59,0.12150668286755771
