faixa_etaria,qtd_clientes,valor_total,pct_clientes
Boomers (1946-1964),25,15060.81,3.0376670716889427
Gen X (1965-1980),211,215462.24,25.637910085054678
Gen Z (1997-2012),124,73325.41,15.066828675577156
Millennials (1981-1996),463,383321.31,56.25759416767922
