faixa_etaria,qtd_hs,valor_total,ticket_medio,pct_hs
16-24 (Gen Z),16,67832.06,4239.50375,3.7914691943127963
25-39 (Millennials),143,557760.31,3900.421748251749,33.88625592417062
40-54 (Gen X),214,800383.84,3740.1114018691587,50.71090047393365
55-69 (Boomers),41,185614.03,4527.171463414634,9.715639810426541
70+ (Silent),8,32736.239999999998,4092.0299999999997,1.8957345971563981
