genero,qtd_hs,valor_total,ticket_medio,pct_hs
Feminino,317,1187451.8699999999,3745.904952681388,75.11848341232228
Masculino,105,456874.61,4351.186761904762,24.881516587677723
