faixa_etaria,Feminino,Masculino,Nao Informado,Outro
Boomers (1946-1964),1083.0583211678832,883.7741791044776,0.0,0.0
Gen X (1965-1980),1027.0354282115868,1007.6503846153846,0.0,0.0
Gen Z (1997-2012),640.9888967136151,545.042,0.0,1190.5
Millennials (1981-1996),871.1220071047958,854.117621440536,173.09,261.54499999999996
Nao Informado,0.0,488.9,0.0,0.0
Silent (antes 1946),1132.66,0.0,0.0,0.0
