total_clientes,qtd_high_spenders,threshold,pct_hs
3283,329,1648.9520000000007,10.021321961620469
