genero,qtd_clientes,valor_total,ticket_medio,freq_media,idade_media,qtd_high_spenders,pct_clientes,pct_valor,shopping,sigla
Feminino,18060,25146992.28,1392.4137475083057,5.603377630121816,40.43979608799246,1779,58.95025460242852,58.47327669797323,Norte Shopping,NR
Masculino,12520,17813361.02,1422.7924137380191,3.9108626198083067,41.33778488604558,1285,40.866953910432166,41.42068269022233,Norte Shopping,NR
Nao Informado,20,11754.16,587.708,2.15,33.666666666666664,0,0.06528267397832616,0.02733146940116884,Norte Shopping,NR
Outro,36,33849.62,940.2672222222222,3.611111111111111,35.77777777777778,0,0.11750881316098707,0.0787091424033017,Norte Shopping,NR
