Metrica,High Spenders,Demais Clientes
Qtd Clientes,25397.0,228549.0
Valor Total (R$),269843906.94,280664558.31999993
Ticket Medio (R$),10625.030788675827,1228.027942891896
Freq Media Compras,26.108044257195733,4.29091792132103
Idade Media,43.58569346515933,41.47960377300627
% Feminino,66.32673150372092,61.634922926812195
% Masculino,33.618143875260856,38.170808010536035
