genero,qtd_hs,valor_total,ticket_medio,pct_hs
Feminino,13629,137712596.83,10104.380132805049,66.75973548861131
Masculino,6775,64283332.41,9488.314746863469,33.18638256184178
Nao Informado,4,30117.21,7529.3025,0.01959343619887338
Outro,7,56228.479999999996,8032.639999999999,0.03428851334802841
