faixa_etaria,qtd_hs,valor_total,ticket_medio,pct_hs
16-24 (Gen Z),652,5693809.11,8732.83605828221,3.193730100416361
25-39 (Millennials),6910,64155003.89,9284.371040520984,33.84766103355376
40-54 (Gen X),9430,97157080.11,10302.97774231177,46.19152583884399
55-69 (Boomers),2883,29161702.05,10115.054474505723,14.121969140337987
70+ (Silent),530,5773875.19,10894.104132075472,2.5961302963507222
Nao Informado,10,140804.58000000002,14080.458000000002,0.04898359049718344
