genero,qtd_hs,valor_total,ticket_medio,pct_hs
Feminino,16843,183101367.98,10871.066198420709,66.3214679477083
Masculino,8539,86597843.39,10141.450215481907,33.62340526067097
Nao Informado,3,25463.21,8487.736666666666,0.01181288391872736
Outro,11,92514.52,8410.41090909091,0.04331390770200032
