genero,qtd_hs,valor_total,ticket_medio,pct_hs
Feminino,16848,183632661.13,10899.374473528014,66.31504369046682
Masculino,8544,86730911.6,10151.08984082397,33.62985121624813
Nao Informado,3,25463.21,8487.736666666666,0.011808234275368023
Outro,11,92514.52,8410.41090909091,0.043296859009682755
