faixa_etaria,qtd_hs,valor_total,ticket_medio,pct_hs
16-24 (Gen Z),819,7317885.7,8935.147374847375,3.224790329566484
25-39 (Millennials),8693,84680222.59,9741.196662832164,34.22845217939127
40-54 (Gen X),11745,130245190.96,11089.416003405704,46.245619561365515
55-69 (Boomers),3527,39633995.53,11237.310895945564,13.887467023664213
70+ (Silent),603,7768066.35,12882.365422885572,2.374296176713785
Nao Informado,10,198545.81,19854.581,0.039374729298736075
