faixa_etaria,Feminino,Masculino,Nao Informado,Outro
16-24 (Gen Z),1391.024598252044,1256.195097910153,1038.0,1005.5895454545455
25-39 (Millennials),1986.3483673241947,1794.5955582747822,1034.0486666666666,1568.219285714286
40-54 (Gen X),2692.0953749559912,2188.553063340353,927.85,1006.8259322033899
55-69 (Boomers),2476.1655048449616,2161.8306059864613,525.59,878.12375
70+ (Silent),2415.500328879753,2419.274686567164,1009.49,597.1633333333333
Nao Informado,747.7528749999999,3705.454181818182,939.3742105263158,0.0
