faixa_etaria,Feminino,Masculino,Nao Informado,Outro
16-24 (Gen Z),1306.5677716498476,1190.6133134709512,1038.0,1102.7679411764707
25-39 (Millennials),1839.583413848317,1658.1101264617,1116.0776470588235,1384.4758974358974
40-54 (Gen X),2474.8166175739498,2034.1856537978335,786.99,977.2481250000001
55-69 (Boomers),2269.8945773921487,1992.2724547242058,525.59,821.8583333333332
70+ (Silent),2184.2820852459017,2285.2341749723146,0.0,597.1633333333333
Nao Informado,751.0289189189189,2752.928846153846,907.97202247191,0.0
