genero,qtd_clientes,valor_total,ticket_medio_cliente,freq_media,idade_media,qtd_high_spenders,pct_clientes,pct_valor,pct_hs
Feminino,157763,361405330.52,2290.81172721107,7.501777983430842,41.6841531163593,16848,62.1043266713643,65.54508985928081,10.679310104397102
Masculino,95807,189454199.7,1977.4567589007065,4.83763190581064,41.75946987498825,8544,37.71498529695428,34.359738207755726,8.917928752596366
Outro,262,339040.84,1294.049007633588,5.072519083969466,35.343511450381676,11,0.10313783072011463,0.061489027546416525,4.198473282442748
Nao Informado,197,185722.25,942.7525380710659,3.598984771573604,37.08,3,0.07755020096130757,0.03368290541703606,1.5228426395939088
