shopping,idade_media,ticket_medio,freq_media,clientes
Balneário Shopping,42.16777833753149,2493.8167881507716,5.5458734982189934,49691
Continente Shopping,41.80869586481794,1714.0613494775903,6.226662435309052,40964
Garten Shopping,41.30148768014877,1869.0564032711607,5.901890978510435,38763
Neumarkt Shopping,43.06314536623026,2487.303243052209,8.207935742971888,31125
Nações Shopping,39.82341840017156,1448.747287438993,5.417073379570168,23358
Norte Shopping,40.453033752350784,1533.743565960389,5.297426779275942,20247
