faixa_etaria,qtd_clientes,valor_total,ticket_medio_cliente,freq_media,idade_media,qtd_high_spenders,pct_clientes,pct_valor,pct_hs
16-24 (Gen Z),13258,16769870.62,1264.8869075275304,4.878563885955649,21.856464021722733,652,6.494308051021807,4.101254212475883,4.917785488007241
25-39 (Millennials),81790,144869207.48,1771.2337385988506,5.817654970045238,32.70773933243673,6910,40.064071164057445,35.42933996919487,8.448465582589558
40-54 (Gen X),77780,179433891.58,2306.941264849576,6.986847518642325,45.947724350732834,9430,38.099809941806924,43.88250931559161,12.123939316019543
55-69 (Boomers),26157,56671849.15,2166.603553542073,5.405130557785679,60.63344420231678,2883,12.812763289378296,13.85971694844449,11.021906181901594
70+ (Silent),4859,10790984.77,2220.8241963366945,4.5241819304383615,74.33813541881045,530,2.3801359797793755,2.639052664601034,10.907594155175962
Nao Informado,304,360347.46,1185.3534868421054,4.529605263157895,,10,0.14891157395614946,0.08812688969212722,3.289473684210526
