genero,qtd_clientes,valor_total,ticket_medio_cliente,freq_media,idade_media,qtd_high_spenders,pct_clientes,pct_valor,pct_hs
Feminino,157711,360710836.41,2287.1634598093983,7.478571564443825,41.66932265861411,16845,62.10414812597954,65.52321338776139,10.680929041094153
Masculino,95777,189273155.96,1976.1858897230024,4.826461467784541,41.743747518856686,8538,37.71549857056225,34.38151598097735,8.914457541998601
Outro,262,339040.84,1294.049007633588,5.072519083969466,35.32442748091603,11,0.10317154040622808,0.061586853135832204,4.198473282442748
Nao Informado,196,185432.05,946.081887755102,3.5969387755102042,37.08,3,0.07718176305198743,0.033683778125450294,1.530612244897959
