shopping,idade_media,ticket_medio,freq_media,clientes
Balneário Shopping,42.17819754558098,2734.3861687022904,5.8587022900763355,65500
Continente Shopping,41.85554203133754,1827.9981501774967,6.568432628492051,51832
Garten Shopping,41.354875819141725,2022.0725640815153,6.272723541363105,48727
Neumarkt Shopping,43.053140601719946,2672.7692922803717,8.88389219680351,38292
Norte Shopping,40.54913779338975,1614.4166023673827,5.731736479215655,25091
Nações Shopping,39.90465324749409,1470.316045064465,5.4977020376621795,24587
