shopping,idade_media,ticket_medio,freq_media,clientes
Balneário Shopping,42.17583139748135,2733.652969816333,5.8567764393349515,65499
Continente Shopping,41.85258887171561,1827.685250901935,6.56622229081859,51833
Garten Shopping,41.35263060583027,2021.6694343766032,6.270969728065674,48725
Neumarkt Shopping,43.05087315695911,2672.242457492099,8.879698069840938,38287
Norte Shopping,40.54750499001996,1614.2098887958866,5.729044601219658,25089
Nações Shopping,39.90248176372305,1469.8675479986982,5.495240807028962,24584
