faixa_etaria,qtd_clientes,valor_total,ticket_medio_cliente,freq_media,idade_media,qtd_high_spenders,pct_clientes,pct_valor,pct_hs
16-24 (Gen Z),16765,22483150.3,1341.076665672532,4.9880107366537425,21.840381747688635,819,6.601797232482497,4.084069858831584,4.88517745302714
25-39 (Millennials),100967,193196014.54,1913.4570160547505,6.0894351619836184,32.68981944595759,8693,39.759240153418446,35.09410422031482,8.609743777669932
40-54 (Gen X),96749,241699083.17,2498.2075594579787,7.435622073613164,45.970252922510824,11745,38.09825710977924,43.904698732624894,12.139660358246598
55-69 (Boomers),32918,77628836.65,2358.248880551674,5.881523786378273,60.63576158940398,3527,12.962598347680215,14.101297536512291,10.714502703687952
70+ (Silent),6241,15077127.4,2415.8191635955777,4.9304598622015705,74.35074507290499,603,2.457609097997212,2.7387639521363605,9.661913154943118
Nao Informado,306,424253.2,1386.448366013072,4.990196078431373,,10,0.12049805864238854,0.07706569958004718,3.2679738562091507
