persona,qtd_clientes,valor_total,ticket_medio,freq_media,idade_media,pct_clientes,pct_valor
Mae Moderna,41929,108343782.48,2583.9820286675094,10.06534856543204,40.041652742636174,20.538530869761153,26.496650114982867
Cliente Regular,82390,84894646.59,1030.3998857871102,3.401116640368977,41.719939617496316,40.35797558633932,20.76190895167973
Executivo Exigente,6775,64283332.41,9488.314746863469,16.80560885608856,43.82555391432792,3.3186707682661596,15.721187945485768
Fashionista Premium,4533,43032466.17,9493.153798808737,29.58393999558791,33.441968225948806,2.2204479103395576,10.524057528652445
Senior Tradicional,25862,27493880.86,1063.0995615188308,3.7523780063413503,62.779908746423324,12.668260281756371,6.723927527497231
Comprador Seletivo,8310,26110961.49,3142.1132960288805,1.8179302045728039,44.03629129491198,4.070576248603954,6.385719557963891
Senior VIP,2232,23253113.96,10418.061810035842,21.08557347670251,62.46370967741935,1.0933244508885709,5.686801868816789
Jovem Engajado,8482,16653378.32,1963.3787219995284,11.012379155859467,25.06425371374676,4.154828849658091,4.072764753795968
Jovem Explorer,23635,14830588.78,627.4841878569918,1.9400888512798815,25.061222762851703,11.577385034386817,3.6269817511253146
