genero,qtd_hs,valor_total,ticket_medio,pct_hs
Feminino,186,859592.09,4621.462849462366,73.51778656126481
Masculino,67,346452.54,5170.933432835821,26.48221343873518
