faixa_etaria,qtd_hs,valor_total,ticket_medio,pct_hs
Boomers (1946-1964),13,75750.14,5826.933846153846,5.138339920948617
Gen X (1965-1980),85,472141.04,5554.600470588235,33.59683794466403
Gen Z (1997-2012),22,128656.14,5848.006363636364,8.695652173913043
Millennials (1981-1996),132,527244.31,3994.2750757575764,52.17391304347826
Silent (antes 1946),1,2253.0,2253.0,0.3952569169960474
