faixa_etaria,Feminino,Masculino,Nao Informado,Outro
16-24 (Gen Z),58198.37,7975.25,0.0,0.0
25-39 (Millennials),638656.84,224623.78,1098.6100000000001,507.9
40-54 (Gen X),843609.41,335600.81,129.97,341.78000000000003
55-69 (Boomers),243467.14,102708.49,0.0,0.0
70+ (Silent),31164.92,10054.18,0.0,0.0
Nao Informado,0.0,0.0,1124.98,0.0
