faixa_etaria,Feminino,Masculino,Nao Informado,Outro
16-24 (Gen Z),746.1329487179488,664.6041666666666,0.0,0.0
25-39 (Millennials),918.9307050359712,887.8410276679842,366.2033333333334,253.95
40-54 (Gen X),1046.6617990074442,1149.3178424657535,129.97,341.78000000000003
55-69 (Boomers),1010.2370954356848,1167.1419318181818,0.0,0.0
70+ (Silent),1005.3199999999999,478.7704761904762,0.0,0.0
Nao Informado,0.0,0.0,562.49,0.0
