genero,qtd_hs,valor_total,ticket_medio,pct_hs
Feminino,2079,11058512.89,5319.15001924002,66.61326497917334
Masculino,1040,5860868.0,5635.45,33.322652995834666
Outro,2,7844.17,3922.085,0.06408202499198974
