total_clientes,qtd_high_spenders,threshold,pct_hs
1599,160,1749.4300000000003,10.006253908692933
