genero,qtd_clientes,valor_total,pct_clientes
Feminino,1087,827511.56,67.97998749218262
Masculino,512,403586.16,32.020012507817384
