faixa_etaria,qtd_clientes,valor_total,pct_clientes
16-24 (Gen Z),117,51752.22,7.317073170731707
25-39 (Millennials),790,558030.69,49.405878674171355
40-54 (Gen X),564,519705.88,35.27204502814259
55-69 (Boomers),113,86394.88,7.066916823014384
70+ (Silent),13,11420.97,0.8130081300813009
Nao Informado,2,3793.08,0.12507817385866166
