total_clientes,qtd_high_spenders,threshold,pct_hs
675,68,1446.4080000000004,10.074074074074074
