genero,qtd_clientes,valor_total,pct_clientes
Feminino,507,359467.69,75.1111111111111
Masculino,167,118783.58,24.74074074074074
Nao Informado,1,711.09,0.14814814814814814
