faixa_etaria,qtd_clientes,valor_total,pct_clientes
Boomers (1946-1964),24,14376.93,3.5555555555555554
Gen X (1965-1980),185,154525.49,27.40740740740741
Gen Z (1997-2012),87,49842.03,12.88888888888889
Millennials (1981-1996),379,260217.91,56.148148148148145
