total_clientes,qtd_high_spenders,threshold,pct_hs
358,36,1843.5620000000004,10.05586592178771
