genero,qtd_clientes,valor_total,pct_clientes
Feminino,259,188445.13,72.3463687150838
Masculino,99,72371.82,27.6536312849162
