faixa_etaria,qtd_clientes,valor_total,pct_clientes
16-24 (Gen Z),24,12358.58,6.70391061452514
25-39 (Millennials),135,79347.97,37.709497206703915
40-54 (Gen X),160,132078.71,44.6927374301676
55-69 (Boomers),36,36311.47,10.05586592178771
70+ (Silent),3,720.22,0.8379888268156425
