faixa_etaria,qtd_clientes,valor_total,pct_clientes
Boomers (1946-1964),13,6333.36,2.103559870550162
Gen X (1965-1980),103,62543.94,16.666666666666664
Gen Z (1997-2012),142,71862.0,22.97734627831715
Millennials (1981-1996),358,211265.15,57.92880258899677
Nao Informado,2,466.79,0.3236245954692557
