genero,qtd_clientes,valor_total,pct_clientes
Feminino,594,455829.26,75.2851711026616
Masculino,195,150129.57,24.714828897338403
