faixa_etaria,qtd_clientes,valor_total,pct_clientes
Boomers (1946-1964),1693,2607946.37,5.526178352265309
Gen X (1965-1980),8541,13081723.2,27.87896592244418
Gen Z (1997-2012),5276,6187330.29,17.22156939548244
Millennials (1981-1996),15062,21036736.6,49.16438177307742
Nao Informado,26,17720.11,0.084867476171824
Silent (antes 1946),38,74500.51,0.12403708055881968
