faixa_etaria,qtd_clientes,valor_total,pct_clientes
16-24 (Gen Z),2515,2725320.36,8.209296252774513
25-39 (Millennials),12598,16757838.77,41.12155633894765
40-54 (Gen X),11780,17780854.84,38.451494973234105
55-69 (Boomers),3291,5103605.68,10.742264003133569
70+ (Silent),399,610242.96,1.3023893458676068
Nao Informado,53,28094.47,0.1729990860425643
