total_clientes,qtd_high_spenders,threshold,pct_hs
1189,119,2353.7599999999998,10.008410428931876
