faixa_etaria,qtd_clientes,valor_total,pct_clientes
Boomers (1946-1964),49,58818.049999999996,4.121110176619007
Gen X (1965-1980),297,390402.46,24.97897392767031
Gen Z (1997-2012),186,122725.97,15.643397813288479
Millennials (1981-1996),656,582500.76,55.172413793103445
Silent (antes 1946),1,357.78000000000003,0.08410428931875526
