faixa_etaria,qtd_hs,valor_total,ticket_medio,pct_hs
16-24 (Gen Z),16,62152.34,3884.52125,3.0476190476190474
25-39 (Millennials),177,700893.72,3959.8515254237286,33.714285714285715
40-54 (Gen X),253,996535.03,3938.8736363636363,48.19047619047619
55-69 (Boomers),69,294068.29,4261.859275362319,13.142857142857142
70+ (Silent),10,35178.21,3517.821,1.9047619047619049
