genero,qtd_hs,valor_total,ticket_medio,pct_hs
Feminino,350,1299888.31,3713.9666,66.66666666666666
Masculino,175,788939.28,4508.224457142857,33.33333333333333
