faixa_etaria,Feminino,Masculino,Nao Informado,Outro
Boomers (1946-1964),1283.0518811881188,982.6256637168142,0.0,0.0
Gen X (1965-1980),1017.4322540592169,1021.9067469879518,0.0,187.875
Gen Z (1997-2012),685.39991507431,829.824213483146,479.09999999999997,1437.94
Millennials (1981-1996),889.9993109061313,1028.8196073903002,1146.54,305.2825
Nao Informado,0.0,128.3,0.0,0.0
Silent (antes 1946),726.2333333333332,1058.775,0.0,0.0
