faixa_etaria,qtd_clientes,valor_total,pct_clientes
16-24 (Gen Z),20,20082.18,3.6968576709796674
25-39 (Millennials),198,226092.45,36.59889094269871
40-54 (Gen X),248,303003.92,45.84103512014787
55-69 (Boomers),66,87433.71,12.199630314232902
70+ (Silent),9,7517.13,1.6635859519408502
