genero,qtd_clientes,valor_total,pct_clientes
Feminino,619,594595.08,73.34123222748815
Masculino,224,257802.51,26.540284360189574
Nao Informado,1,239.91,0.11848341232227488
