shopping_principal,qtd_clientes,valor_total,ticket_medio,vip_hist,premium_hist,potencial_hist,pontual_hist,vip_periodo,premium_periodo,potencial_periodo,pontual_periodo,high_spenders,pct_valor
Balneário Shopping,1618,1569279.6,630.0675908377434,684,281,284,369,170,311,456,681,172,62.79
Continente Shopping,456,374171.56,628.1898983472881,107,61,94,194,22,21,102,311,23,14.97
Garten Shopping,164,302544.22,1459.7310949812384,48,37,45,34,21,28,28,87,21,12.11
Neumarkt Shopping,167,179351.02,627.5654262589588,72,28,28,39,26,16,26,99,27,7.18
Norte Shopping,61,47598.8,554.0492634660421,19,6,14,22,8,7,8,38,8,1.9
Nações Shopping,60,26317.23,386.97965873015875,7,11,11,31,2,3,12,43,2,1.05
