shopping_principal,qtd_clientes,valor_total,ticket_medio,clientes_vip_historico,clientes_vip_periodo,high_spenders,pct_valor
Balneário Shopping,1618,1569279.6,630.0675908377434,684,170,172,62.79
Continente Shopping,456,374171.56,628.1898983472881,107,22,23,14.97
Garten Shopping,164,302544.22,1459.7310949812384,48,21,21,12.11
Neumarkt Shopping,167,179351.02,627.5654262589588,72,26,27,7.18
Norte Shopping,61,47598.8,554.0492634660421,19,8,8,1.9
Nações Shopping,60,26317.23,386.97965873015875,7,2,2,1.05
