shopping_principal,qtd_clientes,valor_total,ticket_medio,vip_hist,vip_valor_hist,vip_ticket_hist,premium_hist,premium_valor_hist,premium_ticket_hist,potencial_hist,potencial_valor_hist,potencial_ticket_hist,pontual_hist,pontual_valor_hist,pontual_ticket_hist,vip_periodo,vip_valor_periodo,vip_ticket_periodo,premium_periodo,premium_valor_periodo,premium_ticket_periodo,potencial_periodo,potencial_valor_periodo,potencial_ticket_periodo,pontual_periodo,pontual_valor_periodo,pontual_ticket_periodo,high_spenders,pct_valor
Balneário Shopping,1618,1569279.6,969.8885043263289,684,912667.06,1334.3085672514621,281,255164.65,908.0592526690391,284,240408.99,846.510528169014,369,161038.9,436.419783197832,170,623191.12,3665.8301176470586,311,432793.53,1391.6190675241157,456,326540.98,716.0986403508772,681,186753.97,274.23490455212925,172,62.79
Continente Shopping,456,374171.56,820.5516666666666,107,214623.42,2005.826355140187,61,43560.26,714.1026229508198,94,53145.36,565.3761702127659,194,62842.52,323.9305154639175,22,202432.08000000002,9201.458181818183,21,29186.3,1389.8238095238096,102,69619.33,682.5424509803921,311,72933.85,234.51398713826367,23,14.97
Garten Shopping,164,302544.22,1844.7818292682925,48,225207.69,4691.826875,37,38007.35,1027.2256756756756,45,31608.85,702.4188888888889,34,7720.33,227.0685294117647,21,226796.98,10799.856190476192,28,40043.24,1430.1157142857141,28,20685.0,738.75,87,15019.0,172.632183908046,21,12.11
Neumarkt Shopping,167,179351.02,1073.9582035928142,72,122952.96,1707.68,28,24952.29,891.1532142857143,28,20542.73,733.6689285714285,39,10903.039999999999,279.5651282051282,26,117851.4,4532.746153846154,16,23381.57,1461.348125,26,20048.75,771.1057692307693,99,18069.3,182.5181818181818,27,7.18
Norte Shopping,61,47598.8,780.3081967213116,19,16410.5,863.7105263157895,6,11202.39,1867.0649999999998,14,12792.45,913.7464285714286,22,7193.46,326.97545454545457,8,23124.34,2890.5425,7,10627.63,1518.232857142857,8,6341.55,792.69375,38,7505.28,197.50736842105263,8,1.9
Nações Shopping,60,26317.23,438.6205,7,4810.46,687.2085714285714,11,4775.37,434.12454545454545,11,6546.17,595.1063636363637,31,10185.23,328.5558064516129,2,4671.71,2335.855,3,4327.09,1442.3633333333335,12,7645.72,637.1433333333333,43,9672.71,224.9467441860465,2,1.05
