perfil_cliente,qtd_clientes,valor_total,ticket_medio,frequencia_media,pct_clientes,pct_valor
VIP,937,17288405.23,18450.806008537886,2.1718249733191035,37.09,86.82
Premium,424,1505445.64,3550.5793396226413,1.6603773584905661,16.79,7.56
Potencial,476,796011.34,1672.292731092437,1.5084033613445378,18.84,4.0
Pontual,689,323766.03,469.9071552975327,1.25544267053701,27.28,1.63
