perfil_cliente,qtd_clientes,valor_total,ticket_medio,frequencia_media,pct_clientes,pct_valor
VIP,249,1198067.63,2954.5231933768323,3.325301204819277,9.86,47.94
Premium,386,540359.36,880.5796945971077,2.3471502590673574,15.28,21.62
Potencial,632,450881.33,556.5626540832146,1.7088607594936709,25.02,18.04
Pontual,1259,309954.11,222.23306698437912,1.1977760127084989,49.84,12.4
