total_clientes,qtd_high_spenders,threshold,pct_hs
919,92,1866.4560000000004,10.01088139281828
