faixa_etaria,qtd_clientes,valor_total,pct_clientes
16-24 (Gen Z),49,22165.16,5.331882480957562
25-39 (Millennials),374,295341.17,40.696409140369965
40-54 (Gen X),393,340805.72,42.76387377584331
55-69 (Boomers),88,90006.76,9.57562568008705
70+ (Silent),15,11913.69,1.632208922742111
