faixa_etaria,qtd_clientes,valor_total,pct_clientes
Boomers (1946-1964),54,63474.78,5.8759521218716
Gen X (1965-1980),282,214832.91,30.68552774755169
Gen Z (1997-2012),129,84738.62,14.036996735582155
Millennials (1981-1996),454,397186.19,49.40152339499456
