total_clientes,qtd_high_spenders,threshold,pct_hs
1285,129,3022.0820000000044,10.038910505836576
