faixa_etaria,qtd_clientes,valor_total,pct_clientes
Boomers (1946-1964),83,85436.08,5.474934036939314
Gen X (1965-1980),406,488661.61,26.781002638522427
Gen Z (1997-2012),224,198181.24,14.775725593667547
Millennials (1981-1996),799,753927.96,52.70448548812665
Nao Informado,1,4767.19,0.06596306068601583
Silent (antes 1946),3,1872.7800000000002,0.1978891820580475
