loja,valor,clientes
Zara,197536.01,263
Vivara,154208.02,28
Sephora,84802.73,119
Renner,79569.79000000001,207
Centauro,55800.37,122
Swarovski,34846.0,13
Life Vivara,34401.51,48
Riachuelo,30638.59,89
Paris Cosméticos,29441.1,68
C&A,29413.100000000002,93
Shoulder,28791.12,30
Brooksfield,27068.399999999998,16
The North Face,26347.05,11
Ugg,26047.25,12
LE LIS BLANC DEUX,26010.25,21
Boiko,22736.5,6
Monte Carlo Joias,22368.0,4
Schutz,21385.0,21
Jorge Bischoff,21294.16,18
Track&Field,19087.2,20
