genero,qtd_clientes,valor_total,pct_clientes
Feminino,2192,1941943.57,66.56544184634072
Masculino,1098,974461.15,33.34345581536593
Outro,3,441.06,0.09110233829334953
