total_clientes,qtd_high_spenders,threshold,pct_hs
458,46,1976.7230000000002,10.043668122270741
