faixa_etaria,qtd_clientes,valor_total,pct_clientes
16-24 (Gen Z),155,116563.43000000001,7.311320754716981
25-39 (Millennials),976,664994.62,46.0377358490566
40-54 (Gen X),809,611540.79,38.160377358490564
55-69 (Boomers),162,139674.69,7.641509433962264
70+ (Silent),15,18364.2,0.7075471698113208
Nao Informado,3,1748.1100000000001,0.14150943396226415
