faixa_etaria,qtd_clientes,valor_total,pct_clientes
Boomers (1946-1964),9,3452.9700000000003,1.9650655021834063
Gen X (1965-1980),97,74911.59,21.17903930131004
Gen Z (1997-2012),90,62169.77,19.65065502183406
Millennials (1981-1996),262,207461.08,57.20524017467249
