genero,qtd_clientes,valor_total,pct_clientes
Feminino,1349,942667.49,63.632075471698116
Masculino,766,606228.31,36.13207547169811
Nao Informado,1,1222.91,0.04716981132075472
Outro,4,2767.13,0.18867924528301888
