faixa_etaria,qtd_clientes,valor_total,pct_clientes
16-24 (Gen Z),51,19951.53,8.212560386473431
25-39 (Millennials),288,192365.83,46.3768115942029
40-54 (Gen X),252,187792.88,40.57971014492754
55-69 (Boomers),23,13136.93,3.7037037037037033
70+ (Silent),6,3326.91,0.966183574879227
Nao Informado,1,678.99,0.1610305958132045
