faixa_etaria,qtd_hs,valor_total,ticket_medio,pct_hs
Boomers (1946-1964),12,68628.39,5719.0325,7.453416149068323
Gen X (1965-1980),52,290388.46,5584.393461538462,32.298136645962735
Gen Z (1997-2012),11,27964.92,2542.2654545454543,6.832298136645963
Millennials (1981-1996),86,331140.08,3850.466046511628,53.41614906832298
