genero,qtd_hs,valor_total,ticket_medio,pct_hs
Feminino,116,523098.25,4509.4676724137935,72.04968944099379
Masculino,45,195023.6,4333.857777777778,27.95031055900621
