faixa_etaria,Feminino,Masculino,Nao Informado,Outro
16-24 (Gen Z),702.1671052631579,662.2685714285715,0.0,0.0
25-39 (Millennials),769.1436538461538,662.1683018867924,343.255,249.9
40-54 (Gen X),1053.708162878788,1043.4154591836734,0.0,0.0
55-69 (Boomers),994.5992948717948,1154.5104838709678,0.0,0.0
70+ (Silent),1041.0579166666666,548.8266666666667,0.0,0.0
Nao Informado,0.0,0.0,537.01,0.0
