total_clientes,qtd_high_spenders,threshold,pct_hs
302,31,1386.5090000000007,10.264900662251655
