faixa_etaria,qtd_clientes,valor_total,pct_clientes
Boomers (1946-1964),2,3010.7200000000003,0.6622516556291391
Gen X (1965-1980),66,62550.23,21.85430463576159
Gen Z (1997-2012),45,12284.73,14.90066225165563
Millennials (1981-1996),189,108977.86,62.58278145695364
