genero,qtd_clientes,valor_total,pct_clientes
Feminino,215,129608.66,71.19205298013244
Masculino,87,57214.88,28.807947019867548
