faixa_etaria,qtd_clientes,valor_total,pct_clientes
16-24 (Gen Z),108,101660.54,4.316546762589928
25-39 (Millennials),867,911802.3,34.65227817745804
40-54 (Gen X),1135,1636919.0,45.363709032773784
55-69 (Boomers),333,531575.87,13.309352517985612
70+ (Silent),58,90486.06,2.3181454836131095
Nao Informado,1,1859.1599999999999,0.03996802557953637
