Metrica,High Spenders,Demais Clientes
Qtd Clientes,25395.0,228551.0
Valor Total (R$),274072245.69,276436219.57000005
Ticket Medio (R$),10792.3703756645,1209.516561161404
Freq Media Compras,26.102933648355975,4.291676693604491
Idade Media,42.88208282701728,40.80948049601406
% Feminino,66.87143138413073,61.57444071563896
% Masculino,33.081315219531405,38.23041684350539
