Metrica,High Spenders,Demais Clientes
Qtd Clientes,25406.0,228623.0
Valor Total (R$),270481550.46000004,280902742.85
Ticket Medio (R$),10646.365049988193,1228.6722807853978
Freq Media Compras,26.258364165945054,4.294843475940741
Idade Media,43.60245707985509,41.49459106715836
% Feminino,66.31504369046682,61.63640578594455
% Masculino,33.62985121624813,38.16895063051399
