Metrica,High Spenders,Demais Clientes
Qtd Clientes,25396.0,228537.0
Valor Total (R$),269817189.1,280645203.4
Ticket Medio (R$),10624.397113718696,1228.0077335398644
Freq Media Compras,26.10533154827532,4.290727540835839
Idade Media,43.58681950681478,41.479392396633386
% Feminino,66.3214679477083,61.63597141819487
% Masculino,33.62340526067097,38.1697493184911
