genero,qtd_hs,valor_total,ticket_medio,pct_hs
Feminino,16846,183526852.0,10894.387510388222,66.31239174933081
Masculino,8544,86717782.44,10149.553188202246,33.63249881908361
Nao Informado,3,25463.21,8487.736666666666,0.011809163911195087
Outro,11,92514.52,8410.41090909091,0.043300267674381984
