faixa_etaria,qtd_hs,valor_total,ticket_medio,pct_hs
16-24 (Gen Z),818,7307979.95,8933.960819070904,3.22097968183966
25-39 (Millennials),8694,84685861.79,9740.724843570279,34.23373759647188
40-54 (Gen X),11744,130235261.32,11089.514758174386,46.2435029138447
55-69 (Boomers),3527,39621473.88,11233.760669123902,13.888013860450465
70+ (Silent),603,7768066.35,12882.365422885572,2.374389667664199
Nao Informado,10,198545.81,19854.581,0.0393762797290912
