genero,qtd_hs,valor_total,ticket_medio,pct_hs
Feminino,16982,186560179.9,10985.760210811448,66.87143138413073
Masculino,8401,87401323.23,10403.680898702536,33.081315219531405
Nao Informado,3,25463.21,8487.736666666666,0.011813349084465446
Outro,9,85279.35,9475.483333333334,0.03544004725339634
