faixa_etaria,qtd_hs,valor_total,ticket_medio,pct_hs
16-24 (Gen Z),821,7335677.71,8935.052021924483,3.2317745236970556
25-39 (Millennials),8678,84737469.82,9764.631230698316,34.15997480711699
40-54 (Gen X),11753,130476908.28,11101.583279162767,46.264367816091955
55-69 (Boomers),3537,39817164.54,11257.326700593723,13.923004251299009
70+ (Silent),605,7792113.21,12879.525966942148,2.3815147220910093
Nao Informado,10,203278.61000000002,20327.861,0.039363879703983626
