genero,qtd_hs,valor_total,ticket_medio,pct_hs
Feminino,16845,183121719.1,10870.983621252597,66.32673150372092
Masculino,8538,86604210.11,10143.383709299602,33.618143875260856
Nao Informado,3,25463.21,8487.736666666666,0.011812418789620822
Outro,11,92514.52,8410.41090909091,0.04331220222860968
