faixa_etaria,qtd_hs,valor_total,ticket_medio,pct_hs
16-24 (Gen Z),883,8240486.36,9332.374133635334,3.4770624138609962
25-39 (Millennials),8806,88547298.7,10055.337122416535,34.67611734593424
40-54 (Gen X),11542,130121563.35,11273.74487523826,45.449891710966725
55-69 (Boomers),3537,39350093.41,11125.273794175855,13.927938570584761
70+ (Silent),617,7608884.06,12332.06492706645,2.4296121283717267
Nao Informado,10,203919.81,20391.981,0.039377830281551486
