faixa_etaria,Feminino,Masculino,Nao Informado,Outro
16-24 (Gen Z),1393.6046887966804,1259.332931945821,1038.0,1005.5895454545455
25-39 (Millennials),1988.9342727909793,1794.8645765030917,1034.0486666666666,1568.219285714286
40-54 (Gen X),2695.8909187740746,2186.7240847503376,927.85,1013.0887931034483
55-69 (Boomers),2479.7025424384583,2173.246358828316,525.59,864.3270588235293
70+ (Silent),2418.133446862996,2415.0476318027213,1009.49,597.1633333333333
Nao Informado,747.7713924050634,3729.5139285714286,935.5999418604652,0.0
