faixa_etaria,Feminino,Masculino,Nao Informado,Outro
Boomers (1946-1964),30311949.28,16320963.58,1535.08,10265.44
Gen X (1965-1980),117275062.75,59997429.16,4509.280000000001,34756.97
Gen Z (1997-2012),39824108.91,21554085.23,8729.1,105111.88
Millennials (1981-1996),172531363.17,90895383.15,10854.4,188906.55000000002
Nao Informado,14759.35,10745.19,159804.19,0.0
Silent (antes 1946),753592.95,494549.65,0.0,0.0
