faixa_etaria,Feminino,Masculino,Nao Informado,Outro
Boomers (1946-1964),2430.59492262048,2227.2057287117905,767.54,933.2218181818182
Gen X (1965-1980),2689.9184079544934,2235.540247410388,1127.3200000000002,891.204358974359
Gen Z (1997-2012),1539.1554807915281,1428.5581409066808,1091.1375,1142.5204347826088
Millennials (1981-1996),2289.8543143630714,1963.6497472401652,904.5333333333333,1574.22125
Nao Informado,776.8078947368422,767.5135714285715,940.0246470588236,0.0
Silent (antes 1946),1869.9576923076922,2247.9529545454548,0.0,0.0
