faixa_etaria,Feminino,Masculino,Nao Informado,Outro
16-24 (Gen Z),1403.103312975822,1274.5032246747553,1038.0,1041.377755102041
25-39 (Millennials),2013.743548189939,1804.8791927984707,1034.0486666666666,1571.8303676470587
40-54 (Gen X),2700.385656460019,2202.7440749543975,927.85,994.9516393442624
55-69 (Boomers),2469.8557811794226,2155.423579964404,525.59,904.6815384615385
70+ (Silent),2402.1309707927676,2453.453587505742,1009.49,597.1633333333333
Nao Informado,869.3485000000001,3242.01453125,939.3742105263158,0.0
