genero,qtd_clientes,valor_total,ticket_medio_cliente,freq_media,idade_media,qtd_high_spenders,pct_clientes,pct_valor,pct_hs
Feminino,157757,361281987.93,2290.11700228833,7.498640313900492,41.68171209680488,16846,62.10489849104588,65.54010085910116,10.678448499908086
Masculino,95801,189431320.32,1977.3417847412866,4.83627519545725,41.75726147579508,8544,37.71440494140156,34.3647019625319,8.918487280926087
Outro,262,339040.84,1294.049007633588,5.072519083969466,35.343511450381676,11,0.10314270304743382,0.061505338188240236,4.198473282442748
Nao Informado,197,185722.25,942.7525380710659,3.598984771573604,37.08,3,0.07755386450513155,0.03369184017869618,1.5228426395939088
