faixa_etaria,qtd_clientes,valor_total,ticket_medio_cliente,freq_media,idade_media,qtd_high_spenders,pct_clientes,pct_valor,pct_hs
16-24 (Gen Z),16763,22468828.27,1340.382286583547,4.985384477718785,21.84042235876633,818,6.601347599563664,4.08180987041726,4.8797947861361335
25-39 (Millennials),100964,193199663.33,1913.5500111921083,6.090071708727863,32.68980032486827,8694,39.76009419807587,35.0977043958548,8.610990055861494
40-54 (Gen X),96744,241682477.14,2498.1650246010086,7.434331844868932,45.97006532704871,11744,38.09823851173341,43.90535673878938,12.13925411395022
55-69 (Boomers),32915,77610043.16,2357.892850068358,5.881452225429135,60.63612334801762,3527,12.962080548806181,14.099063663100289,10.715479264772899
70+ (Silent),6241,15077127.4,2415.8191635955777,4.9304598622015705,74.35074507290499,603,2.457734914327795,2.738993181991084,9.661913154943118
Nao Informado,306,424253.2,1386.448366013072,4.990196078431373,,10,0.12050422749307887,0.07707214984718506,3.2679738562091507
