persona,qtd_clientes,valor_total,ticket_medio,freq_media,idade_media,pct_clientes,pct_valor
Cliente Regular,190693,321134609.63,406.7336793638964,5.073841200253811,39.89797440692568,75.09194868200326,58.334181923675075
Mae Moderna,5568,75715975.22,314.0136881231068,54.519396551724135,40.949164720675405,2.1925921258850307,13.75382578072438
Executivo Exigente,3090,39739460.44,308.7592290980379,53.93462783171521,38.430654569021385,1.2167941215849039,7.2186828991324266
Senior Tradicional,28078,39658993.68,770.1596202186765,2.2525820927416484,62.87249804117102,11.056681341702566,7.204066092111668
Comprador Seletivo,6467,36922053.47,4375.901341683419,1.362455543528684,38.260593875657285,2.546604396210218,6.706900220428411
Senior VIP,1295,19173652.16,375.6778170614256,48.5976833976834,61.78532818532818,0.5099509344506312,3.4828986963796216
Jovem Explorer,16528,11528311.41,391.0583251149564,1.9440948693126816,22.33524927395934,6.508470304710451,2.094120642550935
Jovem Engajado,2227,6635409.25,201.18526004104174,17.448585541086665,22.40727436012573,0.8769580934529388,1.2053237449974832
