shopping,sigla,transacoes,clientes,valor_total,ticket_medio,idade_media,threshold_hs,qtd_high_spenders
Balneário Shopping,BS,389069,69722,181161894.93000004,2598.346216832564,42.23287533560178,5800.471000000002,6973
Garten Shopping,GS,303901,49963,98132953.99,1964.1125230670696,41.40346589201643,4299.426,4997
Neumarkt Shopping,NK,326711,42725,97548332.00000001,2283.1675131655943,42.908496732026144,5176.864,4273
Continente Shopping,CS,339457,53052,94699585.25,1785.0332739576265,41.85088712721782,3999.969,5306
Norte Shopping,NR,150334,30636,43005957.080000006,1403.7719375897639,40.80072570363833,3265.62,3064
Nações Shopping,NS,134279,25012,35959742.010000005,1437.6995845993924,39.93831858052629,3128.5290000000005,2502
