shopping,sigla,transacoes,clientes,valor_total,ticket_medio,idade_media,threshold_hs,qtd_high_spenders
Balneário Shopping,BS,339457,53052,94699585.24999996,1785.0332739576256,41.383025314783005,3999.969,5306
Continente Shopping,CS,389069,69722,181161894.93,2598.3462168325636,41.76044912200095,5800.471000000002,6973
Neumarkt Shopping,NK,326711,42725,97548331.99999999,2283.1675131655934,42.43904781987301,5176.864,4273
Garten Shopping,GS,150334,30636,43005957.08,1403.7719375897636,40.332308799005986,3265.62,3064
Norte Shopping,NR,303901,49963,98132953.99,1964.1125230670696,40.92302606535372,4299.426,4997
Nações Shopping,NS,134279,25012,35959742.010000005,1437.6995845993924,39.46965508953251,3128.5290000000005,2502
