faixa_etaria,qtd_clientes,valor_total,pct_clientes
Boomers (1946-1964),388,579132.99,5.6231884057971016
Gen X (1965-1980),2022,2653549.21,29.304347826086957
Gen Z (1997-2012),1055,913474.61,15.289855072463768
Millennials (1981-1996),3414,3692378.15,49.47826086956522
Nao Informado,14,14055.36,0.2028985507246377
Silent (antes 1946),7,11149.619999999999,0.10144927536231885
