shopping_principal,qtd_clientes,valor_total,ticket_medio,clientes_vip_historico,clientes_vip_periodo,high_spenders,pct_valor
Balneário Shopping,4064,5551238.42,509.94244930811095,1421,732,657,34.27
Continente Shopping,3266,2914531.71,330.85753544052113,814,332,274,17.99
Garten Shopping,2828,2836608.29,442.78474570792656,829,276,230,17.51
Neumarkt Shopping,3053,2819347.15,337.7656505974711,1162,291,249,17.4
Norte Shopping,1392,1149393.85,379.77493480876075,368,129,114,7.1
Nações Shopping,1361,927581.71,285.23869831119333,295,89,73,5.73
