shopping_principal,qtd_clientes,valor_total,ticket_medio,vip_hist,premium_hist,potencial_hist,pontual_hist,vip_periodo,premium_periodo,potencial_periodo,pontual_periodo,high_spenders,pct_valor
Balneário Shopping,4064,5551238.42,509.94244930811095,1421,815,931,897,732,797,933,1602,657,34.27
Continente Shopping,3266,2914531.71,330.85753544052113,814,627,883,942,332,527,812,1595,274,17.99
Garten Shopping,2828,2836608.29,442.78474570792656,829,578,736,685,276,453,633,1466,230,17.51
Neumarkt Shopping,3053,2819347.15,337.7656505974711,1162,571,682,638,291,470,757,1535,249,17.4
Norte Shopping,1392,1149393.85,379.77493480876075,368,312,334,378,129,176,313,774,114,7.1
Nações Shopping,1361,927581.71,285.23869831119333,295,236,382,448,89,155,315,802,73,5.73
