shopping_principal,qtd_clientes,valor_total,ticket_medio,vip_hist,vip_valor_hist,vip_ticket_hist,premium_hist,premium_valor_hist,premium_ticket_hist,potencial_hist,potencial_valor_hist,potencial_ticket_hist,pontual_hist,pontual_valor_hist,pontual_ticket_hist,vip_periodo,vip_valor_periodo,vip_ticket_periodo,premium_periodo,premium_valor_periodo,premium_ticket_periodo,potencial_periodo,potencial_valor_periodo,potencial_ticket_periodo,pontual_periodo,pontual_valor_periodo,pontual_ticket_periodo,high_spenders,pct_valor
Balneário Shopping,4064,5551238.42,509.94244930811095,1421,3178760.97,694.379339689474,815,1128346.53,542.7142431497699,931,856354.52,431.09557513599566,897,387776.4,269.82272427061974,732,3341329.17,1354.7881066958576,797,1130264.14,571.4232888552982,933,682196.16,383.5414647407344,1602,397448.95,166.93674910487974,657,34.27
Continente Shopping,3266,2914531.71,330.85753544052113,814,1160066.72,447.1550408652246,627,684439.1900000001,400.86972959221123,883,691629.58,294.87635024412685,942,378396.22000000003,217.4897768201367,332,1231976.6,1271.9230835360408,527,730291.25,403.9485964833881,812,577819.77,290.59002780457644,1595,374444.09,131.32428469637293,274,17.99
Garten Shopping,2828,2836608.29,442.78474570792656,829,1483996.95,816.5928968572878,578,550853.66,359.0248169969647,736,531686.89,292.2782211625557,685,270070.79,222.7834078356761,276,1387940.6300000001,2336.5143996517018,453,635905.75,453.68485986104713,633,457325.51,307.10957862528926,1466,355436.4,141.47181566936172,230,17.51
Neumarkt Shopping,3053,2819347.15,337.7656505974711,1162,1577457.68,410.8286073111114,571,524859.76,363.1590985864015,682,458935.38,293.72029853047155,638,258094.33,229.0510982569764,291,1245895.69,1298.2630524291696,470,657462.99,434.32289260843635,757,545985.87,313.490530363399,1535,370002.6,138.08462019943502,249,17.4
Norte Shopping,1392,1149393.85,379.77493480876075,368,471505.73,520.1812971987582,312,289604.69,402.84617818364205,334,248637.58,384.3709381511148,378,139645.85,219.97907658434718,129,508967.8,1948.4524428403388,176,247581.06,489.2385238571267,313,225937.88,304.9653831651803,774,166907.11,123.69017958376679,114,7.1
Nações Shopping,1361,927581.71,285.23869831119333,295,353329.5,394.11626438168906,236,173498.44,283.54661809158495,382,238333.24,290.2368678123796,448,162420.53,210.1742969531089,89,311342.76,1214.406551598734,155,214317.58,511.44379199004004,315,223222.35,301.6111780994393,802,178699.02,131.97802549808878,73,5.73
