total_clientes,qtd_high_spenders,threshold,pct_hs
69722,6973,5800.471000000002,10.001147414015662
