faixa_etaria,qtd_clientes,valor_total,pct_clientes
16-24 (Gen Z),3503,4718694.66,6.60295559074116
25-39 (Millennials),21262,36270898.88,40.07765965467843
40-54 (Gen X),20670,40466763.69,38.961773354444695
55-69 (Boomers),6495,11441770.51,12.242705270300837
70+ (Silent),1043,1705019.17,1.9659956269320666
Nao Informado,79,96438.34,0.14891050290281233
