shopping_principal,qtd_clientes,valor_total,ticket_medio,vip_hist,premium_hist,potencial_hist,pontual_hist,vip_periodo,premium_periodo,potencial_periodo,pontual_periodo,high_spenders,pct_valor
Balneário Shopping,2238,3811263.79,347.5819851057585,958,336,360,584,536,362,488,852,341,23.65
Neumarkt Shopping,2360,3621391.8,246.12879174726334,1031,397,429,503,545,456,494,865,313,22.47
Continente Shopping,2724,3242064.05,251.2470662276557,900,468,554,802,434,496,573,1221,240,20.12
Norte Shopping,2249,2000953.49,262.15406100026263,428,403,493,925,243,336,502,1168,122,12.42
Garten Shopping,1456,1844957.52,254.9477893055437,685,258,227,286,281,277,304,594,143,11.45
Nações Shopping,1574,1596279.57,219.10604707812084,380,282,369,543,217,246,338,773,102,9.9
