shopping_principal,qtd_clientes,valor_total,ticket_medio,vip_hist,vip_valor_hist,vip_ticket_hist,premium_hist,premium_valor_hist,premium_ticket_hist,potencial_hist,potencial_valor_hist,potencial_ticket_hist,pontual_hist,pontual_valor_hist,pontual_ticket_hist,vip_periodo,vip_valor_periodo,vip_ticket_periodo,premium_periodo,premium_valor_periodo,premium_ticket_periodo,potencial_periodo,potencial_valor_periodo,potencial_ticket_periodo,pontual_periodo,pontual_valor_periodo,pontual_ticket_periodo,high_spenders,pct_valor
Balneário Shopping,2238,3811263.79,1702.977564789991,958,2980217.45,3110.8741649269314,336,363315.18,1081.2951785714286,360,275212.22,764.4783888888888,584,192518.94,329.6557191780822,536,2748619.42,5128.021305970149,362,512791.61,1416.551408839779,488,348877.04,714.9119672131147,852,200975.72,235.88699530516433,341,23.65
Neumarkt Shopping,2360,3621391.8,1534.4880508474575,1031,2700353.21,2619.1592725509213,397,421400.25,1061.4615869017632,429,320554.98,747.2144055944055,503,179083.36000000002,356.0305367793241,545,2416684.06,4434.282678899082,456,644240.35,1412.8077850877191,494,358515.92,725.7407287449392,865,201951.47,233.46990751445088,313,22.47
Continente Shopping,2724,3242064.05,1190.1850403817914,900,2112371.78,2347.0797555555555,468,488213.11,1043.190405982906,554,397324.27,717.1918231046932,802,244154.89,304.43253117206984,434,1856661.17,4278.021129032258,496,694701.33,1400.6075201612903,573,416638.74,727.1182198952879,1221,274062.81,224.45766584766585,240,20.12
Norte Shopping,2249,2000953.49,889.7080880391285,428,854274.97,1995.9695560747664,403,465439.14,1154.9358312655088,493,373902.3,758.4225152129817,925,307337.08,332.2563027027027,243,889037.89,3658.5921399176955,336,474838.37,1413.2094345238095,502,360378.74,717.88593625498,1168,276698.49,236.89939212328767,122,12.42
Garten Shopping,1456,1844957.52,1267.1411538461539,685,1402599.21,2047.5900875912407,258,215964.98,837.0735658914729,227,143101.49,630.4030396475771,286,83291.84,291.23020979020976,281,1092166.68,3886.7141637010673,277,391935.37,1414.9291335740072,304,221756.66,729.4626973684211,594,139098.81,234.1730808080808,143,11.45
Nações Shopping,1574,1596279.57,1014.154745870394,380,853024.67,2244.801763157895,282,323814.82,1148.2795035460992,369,254159.29,688.7785636856369,543,165280.79,304.3845119705341,217,842240.46,3881.292442396313,246,342179.33,1390.972886178862,338,232265.39,687.1757100591716,773,179594.39,232.33426908150068,102,9.9
