shopping_principal,qtd_clientes,valor_total,ticket_medio,clientes_vip_historico,clientes_vip_periodo,high_spenders,pct_valor
Balneário Shopping,2238,3811263.79,347.5819851057585,958,536,341,23.65
Neumarkt Shopping,2360,3621391.8,246.12879174726334,1031,545,313,22.47
Continente Shopping,2724,3242064.05,251.2470662276557,900,434,240,20.12
Norte Shopping,2249,2000953.49,262.15406100026263,428,243,122,12.42
Garten Shopping,1456,1844957.52,254.9477893055437,685,281,143,11.45
Nações Shopping,1574,1596279.57,219.10604707812084,380,217,102,9.9
