total_clientes,qtd_high_spenders,threshold,pct_hs
248,25,1026.1380000000006,10.080645161290322
