faixa_etaria,qtd_clientes,valor_total,pct_clientes
16-24 (Gen Z),4,1210.28,1.6129032258064515
25-39 (Millennials),96,48790.82,38.70967741935484
40-54 (Gen X),107,124483.08,43.145161290322584
55-69 (Boomers),36,32690.46,14.516129032258066
70+ (Silent),4,1359.69,1.6129032258064515
Nao Informado,1,537.01,0.4032258064516129
